game_id,team_side,canonical_team,researched_name,raw_candidate_name,candidate_pfr_id,crosswalk_name,comparison_status,resolution_basis,notes
2018_08_NO_MIN,away,NO,Drew Brees,Drew Brees,BreeDr00,Drew Brees,EXACT_NAME_MATCH,EXACT_STRING,
2018_08_NO_MIN,away,NO,Drew Brees,Taysom Hill,HillTa00,Taysom Hill,TRUE_IDENTITY_MISMATCH,UNRESOLVED,
2018_10_NO_CIN,away,NO,Drew Brees,Drew Brees,BreeDr00,Drew Brees,EXACT_NAME_MATCH,EXACT_STRING,
2018_10_NO_CIN,away,NO,Drew Brees,Taysom Hill,HillTa00,Taysom Hill,TRUE_IDENTITY_MISMATCH,UNRESOLVED,
2018_11_PHI_NO,home,NO,Drew Brees,Drew Brees,BreeDr00,Drew Brees,EXACT_NAME_MATCH,EXACT_STRING,
2018_11_PHI_NO,home,NO,Drew Brees,Taysom Hill,HillTa00,Taysom Hill,TRUE_IDENTITY_MISMATCH,UNRESOLVED,
2018_17_CAR_NO,home,NO,Teddy Bridgewater,Teddy Bridgewater,BridTe00,Teddy Bridgewater,EXACT_NAME_MATCH,EXACT_STRING,
2018_17_CAR_NO,home,NO,Teddy Bridgewater,Taysom Hill,HillTa00,Taysom Hill,TRUE_IDENTITY_MISMATCH,UNRESOLVED,
2019_05_TB_NO,home,NO,Teddy Bridgewater,Teddy Bridgewater,BridTe00,Teddy Bridgewater,EXACT_NAME_MATCH,EXACT_STRING,
2019_05_TB_NO,home,NO,Teddy Bridgewater,Taysom Hill,HillTa00,Taysom Hill,TRUE_IDENTITY_MISMATCH,UNRESOLVED,
2019_13_NO_ATL,away,NO,Drew Brees,Drew Brees,BreeDr00,Drew Brees,EXACT_NAME_MATCH,EXACT_STRING,
2019_13_NO_ATL,away,NO,Drew Brees,Taysom Hill,HillTa00,Taysom Hill,TRUE_IDENTITY_MISMATCH,UNRESOLVED,
2019_15_IND_NO,home,NO,Drew Brees,Drew Brees,BreeDr00,Drew Brees,EXACT_NAME_MATCH,EXACT_STRING,
2019_15_IND_NO,home,NO,Drew Brees,Taysom Hill,HillTa00,Taysom Hill,TRUE_IDENTITY_MISMATCH,UNRESOLVED,
2019_16_NO_TEN,away,NO,Drew Brees,Drew Brees,BreeDr00,Drew Brees,EXACT_NAME_MATCH,EXACT_STRING,
2019_16_NO_TEN,away,NO,Drew Brees,Taysom Hill,HillTa00,Taysom Hill,TRUE_IDENTITY_MISMATCH,UNRESOLVED,
2019_17_NO_CAR,away,NO,Drew Brees,Drew Brees,BreeDr00,Drew Brees,EXACT_NAME_MATCH,EXACT_STRING,
2019_17_NO_CAR,away,NO,Drew Brees,Taysom Hill,HillTa00,Taysom Hill,TRUE_IDENTITY_MISMATCH,UNRESOLVED,
2019_18_MIN_NO,home,NO,Drew Brees,Drew Brees,BreeDr00,Drew Brees,EXACT_NAME_MATCH,EXACT_STRING,
2019_18_MIN_NO,home,NO,Drew Brees,Taysom Hill,HillTa00,Taysom Hill,TRUE_IDENTITY_MISMATCH,UNRESOLVED,
2020_01_TB_NO,home,NO,Drew Brees,Drew Brees,BreeDr00,Drew Brees,EXACT_NAME_MATCH,EXACT_STRING,
2020_01_TB_NO,home,NO,Drew Brees,Taysom Hill,HillTa00,Taysom Hill,TRUE_IDENTITY_MISMATCH,UNRESOLVED,
2020_03_GB_NO,home,NO,Drew Brees,Drew Brees,BreeDr00,Drew Brees,EXACT_NAME_MATCH,EXACT_STRING,
2020_03_GB_NO,home,NO,Drew Brees,Taysom Hill,HillTa00,Taysom Hill,TRUE_IDENTITY_MISMATCH,UNRESOLVED,
2020_07_CAR_NO,home,NO,Drew Brees,Drew Brees,BreeDr00,Drew Brees,EXACT_NAME_MATCH,EXACT_STRING,
2020_07_CAR_NO,home,NO,Drew Brees,Taysom Hill,HillTa00,Taysom Hill,TRUE_IDENTITY_MISMATCH,UNRESOLVED,
2020_10_SF_NO,home,NO,Drew Brees,Drew Brees,BreeDr00,Drew Brees,EXACT_NAME_MATCH,EXACT_STRING,
2020_10_SF_NO,home,NO,Drew Brees,Taysom Hill,HillTa00,Taysom Hill,TRUE_IDENTITY_MISMATCH,UNRESOLVED,
2020_18_CHI_NO,home,NO,Drew Brees,Drew Brees,BreeDr00,Drew Brees,EXACT_NAME_MATCH,EXACT_STRING,
2020_18_CHI_NO,home,NO,Drew Brees,Taysom Hill,HillTa00,Taysom Hill,TRUE_IDENTITY_MISMATCH,UNRESOLVED,
2021_02_NO_CAR,away,NO,Jameis Winston,Taysom Hill,HillTa00,Taysom Hill,TRUE_IDENTITY_MISMATCH,UNRESOLVED,
2021_02_NO_CAR,away,NO,Jameis Winston,Jameis Winston,WinsJa00,Jameis Winston,EXACT_NAME_MATCH,EXACT_STRING,
2021_03_NO_NE,away,NO,Jameis Winston,Taysom Hill,HillTa00,Taysom Hill,TRUE_IDENTITY_MISMATCH,UNRESOLVED,
2021_03_NO_NE,away,NO,Jameis Winston,Jameis Winston,WinsJa00,Jameis Winston,EXACT_NAME_MATCH,EXACT_STRING,
2021_04_NYG_NO,home,NO,Jameis Winston,Taysom Hill,HillTa00,Taysom Hill,TRUE_IDENTITY_MISMATCH,UNRESOLVED,
2021_04_NYG_NO,home,NO,Jameis Winston,Jameis Winston,WinsJa00,Jameis Winston,EXACT_NAME_MATCH,EXACT_STRING,
2021_05_NO_WAS,away,NO,Jameis Winston,Taysom Hill,HillTa00,Taysom Hill,TRUE_IDENTITY_MISMATCH,UNRESOLVED,
2021_05_NO_WAS,away,NO,Jameis Winston,Jameis Winston,WinsJa00,Jameis Winston,EXACT_NAME_MATCH,EXACT_STRING,
2022_01_NO_ATL,away,NO,Jameis Winston,Taysom Hill,HillTa00,Taysom Hill,TRUE_IDENTITY_MISMATCH,UNRESOLVED,
2022_01_NO_ATL,away,NO,Jameis Winston,Jameis Winston,WinsJa00,Jameis Winston,EXACT_NAME_MATCH,EXACT_STRING,
2022_07_NO_ARI,away,NO,Andy Dalton,Andy Dalton,DaltAn00,Andy Dalton,EXACT_NAME_MATCH,EXACT_STRING,
2022_07_NO_ARI,away,NO,Andy Dalton,Taysom Hill,HillTa00,Taysom Hill,TRUE_IDENTITY_MISMATCH,UNRESOLVED,
2022_07_ATL_CIN,away,ATL,Marcus Mariota,Feleipe Franks,FranFe00,Feleipe Franks,TRUE_IDENTITY_MISMATCH,UNRESOLVED,
2022_07_ATL_CIN,away,ATL,Marcus Mariota,Marcus Mariota,MariMa01,Marcus Mariota,EXACT_NAME_MATCH,EXACT_STRING,
2022_09_BAL_NO,home,NO,Andy Dalton,Andy Dalton,DaltAn00,Andy Dalton,EXACT_NAME_MATCH,EXACT_STRING,
2022_09_BAL_NO,home,NO,Andy Dalton,Taysom Hill,HillTa00,Taysom Hill,TRUE_IDENTITY_MISMATCH,UNRESOLVED,
2022_10_NO_PIT,away,NO,Andy Dalton,Andy Dalton,DaltAn00,Andy Dalton,EXACT_NAME_MATCH,EXACT_STRING,
2022_10_NO_PIT,away,NO,Andy Dalton,Taysom Hill,HillTa00,Taysom Hill,TRUE_IDENTITY_MISMATCH,UNRESOLVED,
2022_11_LA_NO,home,NO,Andy Dalton,Andy Dalton,DaltAn00,Andy Dalton,EXACT_NAME_MATCH,EXACT_STRING,
2022_11_LA_NO,home,NO,Andy Dalton,Taysom Hill,HillTa00,Taysom Hill,TRUE_IDENTITY_MISMATCH,UNRESOLVED,
2022_12_NO_SF,away,NO,Andy Dalton,Andy Dalton,DaltAn00,Andy Dalton,EXACT_NAME_MATCH,EXACT_STRING,
2022_12_NO_SF,away,NO,Andy Dalton,Taysom Hill,HillTa00,Taysom Hill,TRUE_IDENTITY_MISMATCH,UNRESOLVED,
2022_13_NO_TB,away,NO,Andy Dalton,Andy Dalton,DaltAn00,Andy Dalton,EXACT_NAME_MATCH,EXACT_STRING,
2022_13_NO_TB,away,NO,Andy Dalton,Taysom Hill,HillTa00,Taysom Hill,TRUE_IDENTITY_MISMATCH,UNRESOLVED,
2022_15_ATL_NO,home,NO,Andy Dalton,Andy Dalton,DaltAn00,Andy Dalton,EXACT_NAME_MATCH,EXACT_STRING,
2022_15_ATL_NO,home,NO,Andy Dalton,Taysom Hill,HillTa00,Taysom Hill,TRUE_IDENTITY_MISMATCH,UNRESOLVED,
2022_15_KC_HOU,home,HOU,Jeff Driskel,Jeff Driskel,DrisJe00,Jeff Driskel,EXACT_NAME_MATCH,EXACT_STRING,Official Texans source says Mills and Driskel started the game together; Driskel took the first snaps and a later Texans preview explicitly says Driskel started. Singular QB-starter assignment is Jeff Driskel.
2022_15_KC_HOU,home,HOU,Jeff Driskel,Davis Mills,MillDa02,Davis Mills,TRUE_IDENTITY_MISMATCH,UNRESOLVED,Official Texans source says Mills and Driskel started the game together; Driskel took the first snaps and a later Texans preview explicitly says Driskel started. Singular QB-starter assignment is Jeff Driskel.
2022_16_JAX_NYJ,home,NYJ,Zach Wilson,Chris Streveler,StreCh00,Chris Streveler,TRUE_IDENTITY_MISMATCH,UNRESOLVED,
2022_16_JAX_NYJ,home,NYJ,Zach Wilson,Zach Wilson,WilsZa00,Zach Wilson,EXACT_NAME_MATCH,EXACT_STRING,
2022_16_HOU_TEN,away,HOU,Davis Mills,Jeff Driskel,DrisJe00,Jeff Driskel,TRUE_IDENTITY_MISMATCH,UNRESOLVED,
2022_16_HOU_TEN,away,HOU,Davis Mills,Davis Mills,MillDa02,Davis Mills,EXACT_NAME_MATCH,EXACT_STRING,
2023_02_NO_CAR,away,NO,Derek Carr,Derek Carr,CarrDe02,Derek Carr,EXACT_NAME_MATCH,EXACT_STRING,
2023_02_NO_CAR,away,NO,Derek Carr,Taysom Hill,HillTa00,Taysom Hill,TRUE_IDENTITY_MISMATCH,UNRESOLVED,
2023_04_TB_NO,home,NO,Derek Carr,Derek Carr,CarrDe02,Derek Carr,EXACT_NAME_MATCH,EXACT_STRING,
2023_04_TB_NO,home,NO,Derek Carr,Taysom Hill,HillTa00,Taysom Hill,TRUE_IDENTITY_MISMATCH,UNRESOLVED,
2023_07_LV_CHI,away,LV,Brian Hoyer,Aidan O'Connell,OConAi00,Aidan O'Connell,TRUE_IDENTITY_MISMATCH,UNRESOLVED,
2023_07_LV_CHI,away,LV,Brian Hoyer,Hoyer Brian,HoyeBr00,Brian Hoyer,NAME_FORM_MISMATCH_WITH_UNIQUE_PFR_ID,PFR_ID_CONFIRMED_LAST_FIRST_INVERSION,
2023_08_ATL_TEN,away,ATL,Desmond Ridder,Desmond Ridder,RiddDe00,Desmond Ridder,EXACT_NAME_MATCH,EXACT_STRING,
2023_08_ATL_TEN,away,ATL,Desmond Ridder,Taylor Heinicke,HeinTa00,Taylor Heinicke,TRUE_IDENTITY_MISMATCH,UNRESOLVED,
2023_08_JAX_PIT,home,PIT,Kenny Pickett,Kenny Pickett,PickKe00,Kenny Pickett,EXACT_NAME_MATCH,EXACT_STRING,
2023_08_JAX_PIT,home,PIT,Kenny Pickett,Mitchell Trubisky,TrubMi00,Mitchell Trubisky,TRUE_IDENTITY_MISMATCH,UNRESOLVED,
2023_08_LA_DAL,away,LAR,Matthew Stafford,Matthew Stafford,StafMa00,Matthew Stafford,EXACT_NAME_MATCH,EXACT_STRING,
2023_08_LA_DAL,away,LAR,Matthew Stafford,Brett Rypien,RypiBr00,Brett Rypien,TRUE_IDENTITY_MISMATCH,UNRESOLVED,
2023_08_MIN_GB,away,MIN,Kirk Cousins,Kirk Cousins,CousKi00,Kirk Cousins,EXACT_NAME_MATCH,EXACT_STRING,
2023_08_MIN_GB,away,MIN,Kirk Cousins,Jaren Hall,HallJa00,Jaren Hall,TRUE_IDENTITY_MISMATCH,UNRESOLVED,
2023_08_NYJ_NYG,home,NYG,Tyrod Taylor,Tyrod Taylor,TaylTy00,Tyrod Taylor,EXACT_NAME_MATCH,EXACT_STRING,
2023_08_NYJ_NYG,home,NYG,Tyrod Taylor,Tommy DeVito,DeViTo00,Tommy DeVito,TRUE_IDENTITY_MISMATCH,UNRESOLVED,
2023_09_NYG_LV,away,NYG,Daniel Jones,Daniel Jones,JoneDa05,Daniel Jones,EXACT_NAME_MATCH,EXACT_STRING,
2023_09_NYG_LV,away,NYG,Daniel Jones,Tommy DeVito,DeViTo00,Tommy DeVito,TRUE_IDENTITY_MISMATCH,UNRESOLVED,
2023_10_NO_MIN,away,NO,Derek Carr,Derek Carr,CarrDe02,Derek Carr,EXACT_NAME_MATCH,EXACT_STRING,
2023_10_NO_MIN,away,NO,Derek Carr,Jameis Winston,WinsJa00,Jameis Winston,TRUE_IDENTITY_MISMATCH,UNRESOLVED,
2023_11_CIN_BAL,away,CIN,Joe Burrow,Joe Burrow,BurrJo01,Joe Burrow,EXACT_NAME_MATCH,EXACT_STRING,
2023_11_CIN_BAL,away,CIN,Joe Burrow,Jake Browning,BrowJa08,Jake Browning,TRUE_IDENTITY_MISMATCH,UNRESOLVED,
2023_11_PIT_CLE,home,CLE,Dorian Thompson-Robinson,Deshaun Watson,WatsDe00,Deshaun Watson,TRUE_IDENTITY_MISMATCH,UNRESOLVED,
2023_11_PIT_CLE,home,CLE,Dorian Thompson-Robinson,Dorian Thompson-Robinson,ThomDo02,Dorian Thompson-Robinson,EXACT_NAME_MATCH,EXACT_STRING,
2023_12_MIA_NYJ,home,NYJ,Tim Boyle,Tim Boyle,BoylTi00,Tim Boyle,EXACT_NAME_MATCH,EXACT_STRING,
2023_12_MIA_NYJ,home,NYJ,Tim Boyle,Zach Wilson,WilsZa00,Zach Wilson,TRUE_IDENTITY_MISMATCH,UNRESOLVED,
2023_14_JAX_CLE,home,CLE,Joe Flacco,Joe Flacco,FlacJo00,Joe Flacco,EXACT_NAME_MATCH,EXACT_STRING,
2023_14_JAX_CLE,home,CLE,Joe Flacco,Deshaun Watson,WatsDe00,Deshaun Watson,TRUE_IDENTITY_MISMATCH,UNRESOLVED,
2023_15_CHI_CLE,home,CLE,Joe Flacco,Joe Flacco,FlacJo00,Joe Flacco,EXACT_NAME_MATCH,EXACT_STRING,
2023_15_CHI_CLE,home,CLE,Joe Flacco,Deshaun Watson,WatsDe00,Deshaun Watson,TRUE_IDENTITY_MISMATCH,UNRESOLVED,
2023_15_NYJ_MIA,away,NYJ,Zach Wilson,Aaron Rodgers,RodgAa00,Aaron Rodgers,TRUE_IDENTITY_MISMATCH,UNRESOLVED,
2023_15_NYJ_MIA,away,NYJ,Zach Wilson,Trevor Siemian,SiemTr00,Trevor Siemian,TRUE_IDENTITY_MISMATCH,UNRESOLVED,
2023_15_NYJ_MIA,away,NYJ,Zach Wilson,Zach Wilson,WilsZa00,Zach Wilson,EXACT_NAME_MATCH,EXACT_STRING,
2023_16_SEA_TEN,home,TEN,Ryan Tannehill,Will Levis,LeviWi00,Will Levis,TRUE_IDENTITY_MISMATCH,UNRESOLVED,
2023_16_SEA_TEN,home,TEN,Ryan Tannehill,Ryan Tannehill,TannRy00,Ryan Tannehill,EXACT_NAME_MATCH,EXACT_STRING,
2023_17_ATL_CHI,away,ATL,Taylor Heinicke,Taylor Heinicke,HeinTa00,Taylor Heinicke,EXACT_NAME_MATCH,EXACT_STRING,
2023_17_ATL_CHI,away,ATL,Taylor Heinicke,Desmond Ridder,RiddDe00,Desmond Ridder,TRUE_IDENTITY_MISMATCH,UNRESOLVED,
2024_04_PIT_IND,home,IND,Anthony Richardson,Joe Flacco,FlacJo00,Joe Flacco,TRUE_IDENTITY_MISMATCH,UNRESOLVED,
2024_04_PIT_IND,home,IND,Anthony Richardson,Anthony Richardson,RichAn03,Anthony Richardson,EXACT_NAME_MATCH,EXACT_STRING,
