season,week,season_type,game_date,game_id,away_team,home_team,away_actual_starting_qb_name,away_actual_starting_qb_pfr_id,away_actual_starting_qb_gsis_id,away_passing_epa,away_qb_adjustment_elo,home_actual_starting_qb_name,home_actual_starting_qb_pfr_id,home_actual_starting_qb_gsis_id,home_passing_epa,home_qb_adjustment_elo,historical_model_usage,starter_evidence_class,away_semantic_exception_flag,home_semantic_exception_flag,oracle_qb_adjustment_net
2025,1,REG,2025-09-07,2025_01_ARI_NO,ARI,NO,Kyler Murray,MurrKy00,00-0035228,0.034691137993558004,42.34556899677901,Spencer Rattler,RattSp00,00-0039376,-0.17103639774298784,-50.0,ORACLE_STARTER_IDENTITY_ONLY,POSTGAME_ACTUAL_STARTER,False,False,-92.34556899677901
2025,1,REG,2025-09-07,2025_01_BAL_BUF,BAL,BUF,Lamar Jackson,JackLa00,00-0034796,0.13673780424643958,50.0,Josh Allen,AlleJo02,00-0034857,0.12843056080457357,50.0,ORACLE_STARTER_IDENTITY_ONLY,POSTGAME_ACTUAL_STARTER,False,False,0.0
2025,1,REG,2025-09-07,2025_01_CAR_JAX,CAR,JAX,Bryce Young,YounBr01,00-0039150,-0.1506478889466926,-50.0,Trevor Lawrence,LawrTr00,00-0036971,0.008339663633354734,29.16983181667737,ORACLE_STARTER_IDENTITY_ONLY,POSTGAME_ACTUAL_STARTER,False,False,79.16983181667737
2025,1,REG,2025-09-07,2025_01_CIN_CLE,CIN,CLE,Joe Burrow,BurrJo01,00-0036442,0.11646482756152013,50.0,Joe Flacco,FlacJo00,00-0026158,-0.027548238159136408,11.225880920431797,ORACLE_STARTER_IDENTITY_ONLY,POSTGAME_ACTUAL_STARTER,False,False,-38.7741190795682
2025,1,REG,2025-09-04,2025_01_DAL_PHI,DAL,PHI,Dak Prescott,PresDa01,00-0033077,0.11588846023598988,50.0,Jalen Hurts,HurtJa00,00-0036389,0.08330864852803999,50.0,ORACLE_STARTER_IDENTITY_ONLY,POSTGAME_ACTUAL_STARTER,False,False,0.0
2025,1,REG,2025-09-07,2025_01_DET_GB,DET,GB,Jared Goff,GoffJa00,00-0033106,0.11627931038210901,50.0,Jordan Love,LoveJo03,00-0036264,0.1065461188102604,50.0,ORACLE_STARTER_IDENTITY_ONLY,POSTGAME_ACTUAL_STARTER,False,False,0.0
2025,1,REG,2025-09-07,2025_01_HOU_LA,HOU,LAR,C.J. Stroud,StroCJ00,00-0039163,0.04089725641581016,45.44862820790508,Matthew Stafford,StafMa00,00-0026498,0.09821940323745634,50.0,ORACLE_STARTER_IDENTITY_ONLY,POSTGAME_ACTUAL_STARTER,False,False,4.551371792094919
2025,1,REG,2025-09-05,2025_01_KC_LAC,KC,LAC,Patrick Mahomes,MahoPa00,00-0033873,0.21764446076663743,50.0,Justin Herbert,HerbJu00,00-0036355,0.0944010607028163,50.0,ORACLE_STARTER_IDENTITY_ONLY,POSTGAME_ACTUAL_STARTER,False,False,0.0
2025,1,REG,2025-09-07,2025_01_LV_NE,LV,NE,Geno Smith,SmitGe00,00-0030565,0.035105560108215354,42.55278005410767,Drake Maye,MayeDr00,00-0039851,-0.05659581378435026,-3.2979068921751287,ORACLE_STARTER_IDENTITY_ONLY,POSTGAME_ACTUAL_STARTER,False,False,-45.8506869462828
2025,1,REG,2025-09-07,2025_01_MIA_IND,MIA,IND,Tua Tagovailoa,TagoTu00,00-0036212,0.12336506856879077,50.0,Daniel Jones,JoneDa05,00-0035710,-0.05286107729463651,-1.430538647318253,ORACLE_STARTER_IDENTITY_ONLY,POSTGAME_ACTUAL_STARTER,False,False,-51.43053864731825
2025,1,REG,2025-09-08,2025_01_MIN_CHI,MIN,CHI,J.J. McCarthy,McCaJJ00,00-0039923,-0.05,0.0,Caleb Williams,WillCa03,00-0039918,-0.0579774360407614,-3.9887180203806993,ORACLE_STARTER_IDENTITY_ONLY,POSTGAME_ACTUAL_STARTER,False,False,-3.9887180203806993
2025,1,REG,2025-09-07,2025_01_NYG_WAS,NYG,WAS,Russell Wilson,WilsRu00,00-0029263,0.05202512115034251,50.0,Jayden Daniels,DaniJa02,00-0039910,0.0948371864730958,50.0,ORACLE_STARTER_IDENTITY_ONLY,POSTGAME_ACTUAL_STARTER,False,False,0.0
2025,1,REG,2025-09-07,2025_01_PIT_NYJ,PIT,NYJ,Aaron Rodgers,RodgAa00,00-0023459,0.12049777358689887,50.0,Justin Fields,FielJu00,00-0036945,-0.10642110974095156,-28.210554870475782,ORACLE_STARTER_IDENTITY_ONLY,POSTGAME_ACTUAL_STARTER,False,False,-78.21055487047579
2025,1,REG,2025-09-07,2025_01_SF_SEA,SF,SEA,Brock Purdy,PurdBr00,00-0037834,0.18583546235227394,50.0,Sam Darnold,DarnSa00,00-0034869,-0.049988059270835154,0.0059703645824242535,ORACLE_STARTER_IDENTITY_ONLY,POSTGAME_ACTUAL_STARTER,False,False,-49.994029635417576
2025,1,REG,2025-09-07,2025_01_TB_ATL,TB,ATL,Baker Mayfield,MayfBa00,00-0034855,0.07004948378139295,50.0,Michael Penix,PeniMi00,00-0039917,0.005914782079463644,27.957391039731824,ORACLE_STARTER_IDENTITY_ONLY,POSTGAME_ACTUAL_STARTER,False,False,-22.042608960268176
2025,1,REG,2025-09-07,2025_01_TEN_DEN,TEN,DEN,Cam Ward,WardCa00,00-0040676,-0.05,0.0,Bo Nix,NixxBo00,00-0039732,0.01884711829731233,34.42355914865616,ORACLE_STARTER_IDENTITY_ONLY,POSTGAME_ACTUAL_STARTER,False,False,34.42355914865616
2025,2,REG,2025-09-14,2025_02_ATL_MIN,ATL,MIN,Michael Penix,PeniMi00,00-0039917,0.029318224319252878,39.65911215962644,J.J. McCarthy,McCaJJ00,00-0039923,-0.08174465530767218,-15.872327653836088,ORACLE_STARTER_IDENTITY_ONLY,POSTGAME_ACTUAL_STARTER,False,False,-55.531439813462526
2025,2,REG,2025-09-14,2025_02_BUF_NYJ,BUF,NYJ,Josh Allen,AlleJo02,00-0034857,0.13026309001055147,50.0,Justin Fields,FielJu00,00-0036945,-0.0976315428641373,-23.81577143206865,ORACLE_STARTER_IDENTITY_ONLY,POSTGAME_ACTUAL_STARTER,False,False,-73.81577143206866
2025,2,REG,2025-09-14,2025_02_CAR_ARI,CAR,ARI,Bryce Young,YounBr01,00-0039150,-0.15886632663984496,-50.0,Kyler Murray,MurrKy00,00-0035228,0.03479352410228235,42.39676205114118,ORACLE_STARTER_IDENTITY_ONLY,POSTGAME_ACTUAL_STARTER,False,False,92.39676205114118
2025,2,REG,2025-09-14,2025_02_CHI_DET,CHI,DET,Caleb Williams,WillCa03,00-0039918,-0.06355192302198785,-6.775961510993925,Jared Goff,GoffJa00,00-0033106,0.11555948430816725,50.0,ORACLE_STARTER_IDENTITY_ONLY,POSTGAME_ACTUAL_STARTER,False,False,56.77596151099392
2025,2,REG,2025-09-14,2025_02_CLE_BAL,CLE,BAL,Joe Flacco,FlacJo00,00-0026158,-0.027842824421228717,11.078587789385642,Lamar Jackson,JackLa00,00-0034796,0.13848244612914243,50.0,ORACLE_STARTER_IDENTITY_ONLY,POSTGAME_ACTUAL_STARTER,False,False,38.921412210614356
2025,2,REG,2025-09-14,2025_02_DEN_IND,DEN,IND,Bo Nix,NixxBo00,00-0039732,0.009359299814572371,29.679649907286187,Daniel Jones,JoneDa05,00-0035710,-0.04735563958720901,1.322180206395497,ORACLE_STARTER_IDENTITY_ONLY,POSTGAME_ACTUAL_STARTER,False,False,-28.35746970089069
2025,2,REG,2025-09-14,2025_02_JAX_CIN,JAX,CIN,Trevor Lawrence,LawrTr00,00-0036971,0.00877691064717315,29.388455323586577,Joe Burrow,BurrJo01,00-0036442,0.11549589141535374,50.0,ORACLE_STARTER_IDENTITY_ONLY,POSTGAME_ACTUAL_STARTER,False,False,20.611544676413423
2025,2,REG,2025-09-15,2025_02_LAC_LV,LAC,LV,Justin Herbert,HerbJu00,00-0036355,0.09835824557050822,50.0,Geno Smith,SmitGe00,00-0030565,0.04104023160876011,45.520115804380055,ORACLE_STARTER_IDENTITY_ONLY,POSTGAME_ACTUAL_STARTER,False,False,-4.479884195619945
2025,2,REG,2025-09-14,2025_02_LA_TEN,LAR,TEN,Matthew Stafford,StafMa00,00-0026498,0.09892001990172503,50.0,Cam Ward,WardCa00,00-0040676,-0.09116006485488663,-20.580032427443314,ORACLE_STARTER_IDENTITY_ONLY,POSTGAME_ACTUAL_STARTER,False,False,-70.58003242744331
2025,2,REG,2025-09-14,2025_02_NE_MIA,NE,MIA,Drake Maye,MayeDr00,00-0039851,-0.05282460019733411,-1.412300098667052,Tua Tagovailoa,TagoTu00,00-0036212,0.1167213296157361,50.0,ORACLE_STARTER_IDENTITY_ONLY,POSTGAME_ACTUAL_STARTER,False,False,51.41230009866705
2025,2,REG,2025-09-14,2025_02_NYG_DAL,NYG,DAL,Russell Wilson,WilsRu00,00-0029263,0.04846066091079819,49.2303304553991,Dak Prescott,PresDa01,00-0033077,0.1152676537864621,50.0,ORACLE_STARTER_IDENTITY_ONLY,POSTGAME_ACTUAL_STARTER,False,False,0.7696695446009016
2025,2,REG,2025-09-14,2025_02_PHI_KC,PHI,KC,Jalen Hurts,HurtJa00,00-0036389,0.08314450349801732,50.0,Patrick Mahomes,MahoPa00,00-0033873,0.21663736204636894,50.0,ORACLE_STARTER_IDENTITY_ONLY,POSTGAME_ACTUAL_STARTER,False,False,0.0
2025,2,REG,2025-09-14,2025_02_SEA_PIT,SEA,PIT,Sam Darnold,DarnSa00,00-0034869,-0.05202424538533826,-1.0121226926691276,Aaron Rodgers,RodgAa00,00-0023459,0.12192411263673908,50.0,ORACLE_STARTER_IDENTITY_ONLY,POSTGAME_ACTUAL_STARTER,False,False,51.01212269266913
2025,2,REG,2025-09-14,2025_02_SF_NO,SF,NO,Mac Jones,JoneMa05,00-0036972,-0.01958750523498686,15.20624738250657,Spencer Rattler,RattSp00,00-0039376,-0.16245569252961473,-50.0,ORACLE_STARTER_IDENTITY_ONLY,POSTGAME_ACTUAL_STARTER,False,False,-65.20624738250658
2025,2,REG,2025-09-15,2025_02_TB_HOU,TB,HOU,Baker Mayfield,MayfBa00,00-0034855,0.07092249915831114,50.0,C.J. Stroud,StroCJ00,00-0039163,0.03750892406707668,43.75446203353834,ORACLE_STARTER_IDENTITY_ONLY,POSTGAME_ACTUAL_STARTER,False,False,-6.2455379664616615
2025,2,REG,2025-09-11,2025_02_WAS_GB,WAS,GB,Jayden Daniels,DaniJa02,00-0039910,0.09298309142074658,50.0,Jordan Love,LoveJo03,00-0036264,0.11189943422094106,50.0,ORACLE_STARTER_IDENTITY_ONLY,POSTGAME_ACTUAL_STARTER,False,False,0.0
2025,3,REG,2025-09-21,2025_03_ARI_SF,ARI,SF,Kyler Murray,MurrKy00,00-0035228,0.03641457986951976,43.20728993475988,Mac Jones,JoneMa05,00-0036972,-0.017854226197352507,16.072886901323745,ORACLE_STARTER_IDENTITY_ONLY,POSTGAME_ACTUAL_STARTER,False,False,-27.134403033436133
2025,3,REG,2025-09-21,2025_03_ATL_CAR,ATL,CAR,Michael Penix,PeniMi00,00-0039917,0.021435807226994393,35.7179036134972,Bryce Young,YounBr01,00-0039150,-0.14922062671975259,-49.610313359876294,ORACLE_STARTER_IDENTITY_ONLY,POSTGAME_ACTUAL_STARTER,False,False,-85.32821697337349
2025,3,REG,2025-09-21,2025_03_CIN_MIN,CIN,MIN,Jake Browning,BrowJa08,00-0035100,0.019159579847333092,34.579789923666546,Carson Wentz,WentCa00,00-0032950,-0.01108801045153557,19.455994774232217,ORACLE_STARTER_IDENTITY_ONLY,POSTGAME_ACTUAL_STARTER,False,False,-15.12379514943433
2025,3,REG,2025-09-21,2025_03_DAL_CHI,DAL,CHI,Dak Prescott,PresDa01,00-0033077,0.11620991806635908,50.0,Caleb Williams,WillCa03,00-0039918,-0.062314483633934124,-6.157241816967061,ORACLE_STARTER_IDENTITY_ONLY,POSTGAME_ACTUAL_STARTER,False,False,-56.15724181696706
2025,3,REG,2025-09-21,2025_03_DEN_LAC,DEN,LAC,Bo Nix,NixxBo00,00-0039732,0.018298588298081342,34.14929414904067,Justin Herbert,HerbJu00,00-0036355,0.10042483470414354,50.0,ORACLE_STARTER_IDENTITY_ONLY,POSTGAME_ACTUAL_STARTER,False,False,15.85070585095933
2025,3,REG,2025-09-22,2025_03_DET_BAL,DET,BAL,Jared Goff,GoffJa00,00-0033106,0.12012114767711642,50.0,Lamar Jackson,JackLa00,00-0034796,0.13991836616406736,50.0,ORACLE_STARTER_IDENTITY_ONLY,POSTGAME_ACTUAL_STARTER,False,False,0.0
2025,3,REG,2025-09-21,2025_03_GB_CLE,GB,CLE,Jordan Love,LoveJo03,00-0036264,0.11381488403986043,50.0,Joe Flacco,FlacJo00,00-0026158,-0.04113469729389282,4.4326513530535925,ORACLE_STARTER_IDENTITY_ONLY,POSTGAME_ACTUAL_STARTER,False,False,-45.56734864694641
2025,3,REG,2025-09-21,2025_03_HOU_JAX,HOU,JAX,C.J. Stroud,StroCJ00,00-0039163,0.03409472049001878,42.04736024500939,Trevor Lawrence,LawrTr00,00-0036971,0.010633778775291687,30.316889387645844,ORACLE_STARTER_IDENTITY_ONLY,POSTGAME_ACTUAL_STARTER,False,False,-11.73047085736355
2025,3,REG,2025-09-21,2025_03_IND_TEN,IND,TEN,Daniel Jones,JoneDa05,00-0035710,-0.04263485006557992,3.682574967210042,Cam Ward,WardCa00,00-0040676,-0.1006754260550715,-25.33771302753575,ORACLE_STARTER_IDENTITY_ONLY,POSTGAME_ACTUAL_STARTER,False,False,-29.02028799474579
2025,3,REG,2025-09-21,2025_03_KC_NYG,KC,NYG,Patrick Mahomes,MahoPa00,00-0033873,0.21414274452780502,50.0,Russell Wilson,WilsRu00,00-0029263,0.05230849066385183,50.0,ORACLE_STARTER_IDENTITY_ONLY,POSTGAME_ACTUAL_STARTER,False,False,0.0
2025,3,REG,2025-09-21,2025_03_LA_PHI,LAR,PHI,Matthew Stafford,StafMa00,00-0026498,0.10053086618914518,50.0,Jalen Hurts,HurtJa00,00-0036389,0.08060356384098595,50.0,ORACLE_STARTER_IDENTITY_ONLY,POSTGAME_ACTUAL_STARTER,False,False,0.0
2025,3,REG,2025-09-21,2025_03_LV_WAS,LV,WAS,Geno Smith,SmitGe00,00-0030565,0.029914723097448487,39.95736154872424,Marcus Mariota,MariMa01,00-0032268,0.019361656766320373,34.68082838316019,ORACLE_STARTER_IDENTITY_ONLY,POSTGAME_ACTUAL_STARTER,False,False,-5.276533165564054
2025,3,REG,2025-09-18,2025_03_MIA_BUF,MIA,BUF,Tua Tagovailoa,TagoTu00,00-0036212,0.11879584061754958,50.0,Josh Allen,AlleJo02,00-0034857,0.1290298428134231,50.0,ORACLE_STARTER_IDENTITY_ONLY,POSTGAME_ACTUAL_STARTER,False,False,0.0
2025,3,REG,2025-09-21,2025_03_NO_SEA,NO,SEA,Spencer Rattler,RattSp00,00-0039376,-0.15703782043588366,-50.0,Sam Darnold,DarnSa00,00-0034869,-0.050381620849212966,-0.1908104246064815,ORACLE_STARTER_IDENTITY_ONLY,POSTGAME_ACTUAL_STARTER,False,False,49.80918957539352
2025,3,REG,2025-09-21,2025_03_NYJ_TB,NYJ,TB,Tyrod Taylor,TaylTy00,00-0028118,-0.03535965413552926,7.320172932235372,Baker Mayfield,MayfBa00,00-0034855,0.07007669122132265,50.0,ORACLE_STARTER_IDENTITY_ONLY,POSTGAME_ACTUAL_STARTER,False,False,42.67982706776463
2025,3,REG,2025-09-21,2025_03_PIT_NE,PIT,NE,Aaron Rodgers,RodgAa00,00-0023459,0.11903406553459606,50.0,Drake Maye,MayeDr00,00-0039851,-0.029998096913870557,10.000951543064723,ORACLE_STARTER_IDENTITY_ONLY,POSTGAME_ACTUAL_STARTER,False,False,-39.99904845693528
2025,4,REG,2025-09-28,2025_04_BAL_KC,BAL,KC,Lamar Jackson,JackLa00,00-0034796,0.14152815873820543,50.0,Patrick Mahomes,MahoPa00,00-0033873,0.2141214787591177,50.0,ORACLE_STARTER_IDENTITY_ONLY,POSTGAME_ACTUAL_STARTER,False,False,0.0
2025,4,REG,2025-09-28,2025_04_CAR_NE,CAR,NE,Bryce Young,YounBr01,00-0039150,-0.14824528889407884,-49.12264444703942,Drake Maye,MayeDr00,00-0039851,-0.02646888663525497,11.765556682372516,ORACLE_STARTER_IDENTITY_ONLY,POSTGAME_ACTUAL_STARTER,False,False,60.88820112941194
2025,4,REG,2025-09-28,2025_04_CHI_LV,CHI,LV,Caleb Williams,WillCa03,00-0039918,-0.039876612094360664,5.061693952819669,Geno Smith,SmitGe00,00-0030565,0.034428860129818925,42.214430064909465,ORACLE_STARTER_IDENTITY_ONLY,POSTGAME_ACTUAL_STARTER,False,False,37.1527361120898
2025,4,REG,2025-09-29,2025_04_CIN_DEN,CIN,DEN,Jake Browning,BrowJa08,00-0035100,-0.012407856503699024,18.796071748150492,Bo Nix,NixxBo00,00-0039732,0.01629871313125337,33.14935656562669,ORACLE_STARTER_IDENTITY_ONLY,POSTGAME_ACTUAL_STARTER,False,False,14.353284817476197
2025,4,REG,2025-09-28,2025_04_CLE_DET,CLE,DET,Joe Flacco,FlacJo00,00-0026158,-0.04475932475579177,2.620337622104115,Jared Goff,GoffJa00,00-0033106,0.12248506034551795,50.0,ORACLE_STARTER_IDENTITY_ONLY,POSTGAME_ACTUAL_STARTER,False,False,47.37966237789588
2025,4,REG,2025-09-28,2025_04_GB_DAL,GB,DAL,Jordan Love,LoveJo03,00-0036264,0.1114617413045262,50.0,Dak Prescott,PresDa01,00-0033077,0.11451449083156158,50.0,ORACLE_STARTER_IDENTITY_ONLY,POSTGAME_ACTUAL_STARTER,False,False,0.0
2025,4,REG,2025-09-28,2025_04_IND_LA,IND,LAR,Daniel Jones,JoneDa05,00-0035710,-0.03809953689336454,5.950231553317733,Matthew Stafford,StafMa00,00-0026498,0.09905798471958488,50.0,ORACLE_STARTER_IDENTITY_ONLY,POSTGAME_ACTUAL_STARTER,False,False,44.049768446682265
2025,4,REG,2025-09-28,2025_04_JAX_SF,JAX,SF,Trevor Lawrence,LawrTr00,00-0036971,0.006780890778317004,28.390445389158504,Brock Purdy,PurdBr00,00-0037834,0.19007677856745256,50.0,ORACLE_STARTER_IDENTITY_ONLY,POSTGAME_ACTUAL_STARTER,False,False,21.609554610841496
2025,4,REG,2025-09-28,2025_04_LAC_NYG,LAC,NYG,Justin Herbert,HerbJu00,00-0036355,0.09837353286525004,50.0,Jaxson Dart,DartJa00,00-0040691,-0.05,0.0,ORACLE_STARTER_IDENTITY_ONLY,POSTGAME_ACTUAL_STARTER,False,False,-50.0
2025,4,REG,2025-09-28,2025_04_MIN_PIT,MIN,PIT,Carson Wentz,WentCa00,00-0032950,-0.007759602211549306,21.12019889422535,Aaron Rodgers,RodgAa00,00-0023459,0.11836924470873987,50.0,ORACLE_STARTER_IDENTITY_ONLY,POSTGAME_ACTUAL_STARTER,False,False,28.87980110577465
2025,4,REG,2025-09-28,2025_04_NO_BUF,NO,BUF,Spencer Rattler,RattSp00,00-0039376,-0.14392782896688996,-46.96391448344498,Josh Allen,AlleJo02,00-0034857,0.13046125204872985,50.0,ORACLE_STARTER_IDENTITY_ONLY,POSTGAME_ACTUAL_STARTER,False,False,96.96391448344498
2025,4,REG,2025-09-29,2025_04_NYJ_MIA,NYJ,MIA,Justin Fields,FielJu00,00-0036945,-0.10272046513504393,-26.360232567521965,Tua Tagovailoa,TagoTu00,00-0036212,0.1171614856130947,50.0,ORACLE_STARTER_IDENTITY_ONLY,POSTGAME_ACTUAL_STARTER,False,False,76.36023256752196
2025,4,REG,2025-09-28,2025_04_PHI_TB,PHI,TB,Jalen Hurts,HurtJa00,00-0036389,0.07950554229404398,50.0,Baker Mayfield,MayfBa00,00-0034855,0.07160587530443743,50.0,ORACLE_STARTER_IDENTITY_ONLY,POSTGAME_ACTUAL_STARTER,False,False,0.0
2025,4,REG,2025-09-25,2025_04_SEA_ARI,SEA,ARI,Sam Darnold,DarnSa00,00-0034869,-0.043765644370181774,3.1171778149091147,Kyler Murray,MurrKy00,00-0035228,0.03581404598078616,42.90702299039308,ORACLE_STARTER_IDENTITY_ONLY,POSTGAME_ACTUAL_STARTER,False,False,39.78984517548397
2025,4,REG,2025-09-28,2025_04_TEN_HOU,TEN,HOU,Cam Ward,WardCa00,00-0040676,-0.12357089652694882,-36.78544826347441,C.J. Stroud,StroCJ00,00-0039163,0.030478692711798122,40.23934635589906,ORACLE_STARTER_IDENTITY_ONLY,POSTGAME_ACTUAL_STARTER,False,False,77.02479461937347
2025,4,REG,2025-09-28,2025_04_WAS_ATL,WAS,ATL,Marcus Mariota,MariMa01,00-0032268,0.028054289842830364,39.02714492141518,Michael Penix,PeniMi00,00-0039917,-0.022909000775669337,13.545499612165333,ORACLE_STARTER_IDENTITY_ONLY,POSTGAME_ACTUAL_STARTER,False,False,-25.481645309249846
2025,5,REG,2025-10-05,2025_05_DAL_NYJ,DAL,NYJ,Dak Prescott,PresDa01,00-0033077,0.11900533540517803,50.0,Justin Fields,FielJu00,00-0036945,-0.09700280130253176,-23.50140065126588,ORACLE_STARTER_IDENTITY_ONLY,POSTGAME_ACTUAL_STARTER,False,False,-73.50140065126588
2025,5,REG,2025-10-05,2025_05_DEN_PHI,DEN,PHI,Bo Nix,NixxBo00,00-0039732,0.02929310731645641,39.64655365822821,Jalen Hurts,HurtJa00,00-0036389,0.07827896163588324,50.0,ORACLE_STARTER_IDENTITY_ONLY,POSTGAME_ACTUAL_STARTER,False,False,10.353446341771793
2025,5,REG,2025-10-05,2025_05_DET_CIN,DET,CIN,Jared Goff,GoffJa00,00-0033106,0.12154679142148184,50.0,Jake Browning,BrowJa08,00-0035100,-0.028467337452859086,10.766331273570458,ORACLE_STARTER_IDENTITY_ONLY,POSTGAME_ACTUAL_STARTER,False,False,-39.23366872642954
2025,5,REG,2025-10-05,2025_05_HOU_BAL,HOU,BAL,C.J. Stroud,StroCJ00,00-0039163,0.03503674474970538,42.51837237485269,Cooper Rush,RushCo00,00-0033662,-0.05477483232913968,-2.3874161645698404,ORACLE_STARTER_IDENTITY_ONLY,POSTGAME_ACTUAL_STARTER,False,False,-44.90578853942253
2025,5,REG,2025-10-06,2025_05_KC_JAX,KC,JAX,Patrick Mahomes,MahoPa00,00-0033873,0.2156070417775332,50.0,Trevor Lawrence,LawrTr00,00-0036971,0.008904678404295428,29.452339202147716,ORACLE_STARTER_IDENTITY_ONLY,POSTGAME_ACTUAL_STARTER,False,False,-20.547660797852284
2025,5,REG,2025-10-05,2025_05_LV_IND,LV,IND,Geno Smith,SmitGe00,00-0030565,0.02960722521279336,39.80361260639668,Daniel Jones,JoneDa05,00-0035710,-0.036153676053980593,6.923161973009704,ORACLE_STARTER_IDENTITY_ONLY,POSTGAME_ACTUAL_STARTER,False,False,-32.88045063338698
2025,5,REG,2025-10-05,2025_05_MIA_CAR,MIA,CAR,Tua Tagovailoa,TagoTu00,00-0036212,0.12022092185029554,50.0,Bryce Young,YounBr01,00-0039150,-0.15148959974664597,-50.0,ORACLE_STARTER_IDENTITY_ONLY,POSTGAME_ACTUAL_STARTER,False,False,-100.0
2025,5,REG,2025-10-05,2025_05_MIN_CLE,MIN,CLE,Carson Wentz,WentCa00,00-0032950,-0.00652998889390375,21.735005553048126,Dillon Gabriel,GabrDi00,00-0040704,-0.040515296205861764,4.742351897069119,ORACLE_STARTER_IDENTITY_ONLY,POSTGAME_ACTUAL_STARTER,False,False,-16.992653655979005
2025,5,REG,2025-10-05,2025_05_NE_BUF,NE,BUF,Drake Maye,MayeDr00,00-0039851,0.0006390643882503745,25.319532194125188,Josh Allen,AlleJo02,00-0034857,0.13079300246745892,50.0,ORACLE_STARTER_IDENTITY_ONLY,POSTGAME_ACTUAL_STARTER,False,False,24.680467805874812
2025,5,REG,2025-10-05,2025_05_NYG_NO,NYG,NO,Jaxson Dart,DartJa00,00-0040691,-0.06195251576173204,-5.976257880866018,Spencer Rattler,RattSp00,00-0039376,-0.15008947604441517,-50.0,ORACLE_STARTER_IDENTITY_ONLY,POSTGAME_ACTUAL_STARTER,False,False,-44.023742119133985
2025,5,REG,2025-10-02,2025_05_SF_LA,SF,LAR,Mac Jones,JoneMa05,00-0036972,-0.016714672073443987,16.642663963278007,Matthew Stafford,StafMa00,00-0026498,0.10141215212330329,50.0,ORACLE_STARTER_IDENTITY_ONLY,POSTGAME_ACTUAL_STARTER,False,False,33.35733603672199
2025,5,REG,2025-10-05,2025_05_TB_SEA,TB,SEA,Baker Mayfield,MayfBa00,00-0034855,0.06955889089958389,50.0,Sam Darnold,DarnSa00,00-0034869,-0.04008708209422117,4.956458952889417,ORACLE_STARTER_IDENTITY_ONLY,POSTGAME_ACTUAL_STARTER,False,False,-45.04354104711058
2025,5,REG,2025-10-05,2025_05_TEN_ARI,TEN,ARI,Cam Ward,WardCa00,00-0040676,-0.15830766517021924,-50.0,Kyler Murray,MurrKy00,00-0035228,0.03445195680122399,42.225978400612,ORACLE_STARTER_IDENTITY_ONLY,POSTGAME_ACTUAL_STARTER,False,False,92.22597840061201
2025,5,REG,2025-10-05,2025_05_WAS_LAC,WAS,LAC,Jayden Daniels,DaniJa02,00-0039910,0.07930977452152685,50.0,Justin Herbert,HerbJu00,00-0036355,0.09123256908460728,50.0,ORACLE_STARTER_IDENTITY_ONLY,POSTGAME_ACTUAL_STARTER,False,False,0.0
2025,6,REG,2025-10-12,2025_06_ARI_IND,ARI,IND,Jacoby Brissett,BrisJa00,00-0033119,-0.016667092537022227,16.66645373148889,Daniel Jones,JoneDa05,00-0035710,-0.031156376553984,9.421811723008002,ORACLE_STARTER_IDENTITY_ONLY,POSTGAME_ACTUAL_STARTER,False,False,-7.244642008480888
2025,6,REG,2025-10-13,2025_06_BUF_ATL,BUF,ATL,Josh Allen,AlleJo02,00-0034857,0.13218974571860131,50.0,Michael Penix,PeniMi00,00-0039917,0.015777791944955016,32.888895972477506,ORACLE_STARTER_IDENTITY_ONLY,POSTGAME_ACTUAL_STARTER,False,False,-17.111104027522494
2025,6,REG,2025-10-13,2025_06_CHI_WAS,CHI,WAS,Caleb Williams,WillCa03,00-0039918,-0.039468410281460725,5.265794859269639,Jayden Daniels,DaniJa02,00-0039910,0.0916428344886322,50.0,ORACLE_STARTER_IDENTITY_ONLY,POSTGAME_ACTUAL_STARTER,False,False,44.73420514073036
2025,6,REG,2025-10-12,2025_06_CIN_GB,CIN,GB,Joe Flacco,FlacJo00,00-0026158,-0.05359674460610028,-1.79837230305014,Jordan Love,LoveJo03,00-0036264,0.12197597847640909,50.0,ORACLE_STARTER_IDENTITY_ONLY,POSTGAME_ACTUAL_STARTER,False,False,51.79837230305014
2025,6,REG,2025-10-12,2025_06_CLE_PIT,CLE,PIT,Dillon Gabriel,GabrDi00,00-0040704,-0.04303543216336244,3.4822839183187813,Aaron Rodgers,RodgAa00,00-0023459,0.11859783533333332,50.0,ORACLE_STARTER_IDENTITY_ONLY,POSTGAME_ACTUAL_STARTER,False,False,46.51771608168122
2025,6,REG,2025-10-12,2025_06_DAL_CAR,DAL,CAR,Dak Prescott,PresDa01,00-0033077,0.12106649810361754,50.0,Bryce Young,YounBr01,00-0039150,-0.14893710475629604,-49.46855237814802,ORACLE_STARTER_IDENTITY_ONLY,POSTGAME_ACTUAL_STARTER,False,False,-99.46855237814802
2025,6,REG,2025-10-12,2025_06_DEN_NYJ,DEN,NYJ,Bo Nix,NixxBo00,00-0039732,0.03218119882299706,41.09059941149854,Justin Fields,FielJu00,00-0036945,-0.09147727844247242,-20.738639221236205,ORACLE_STARTER_IDENTITY_ONLY,POSTGAME_ACTUAL_STARTER,False,False,-61.82923863273474
2025,6,REG,2025-10-12,2025_06_DET_KC,DET,KC,Jared Goff,GoffJa00,00-0033106,0.12308336540523958,50.0,Patrick Mahomes,MahoPa00,00-0033873,0.2144403705429323,50.0,ORACLE_STARTER_IDENTITY_ONLY,POSTGAME_ACTUAL_STARTER,False,False,0.0
2025,6,REG,2025-10-12,2025_06_LAC_MIA,LAC,MIA,Justin Herbert,HerbJu00,00-0036355,0.0888880605459637,50.0,Tua Tagovailoa,TagoTu00,00-0036212,0.12277536745920993,50.0,ORACLE_STARTER_IDENTITY_ONLY,POSTGAME_ACTUAL_STARTER,False,False,0.0
2025,6,REG,2025-10-12,2025_06_LA_BAL,LAR,BAL,Matthew Stafford,StafMa00,00-0026498,0.10391754006137005,50.0,Cooper Rush,RushCo00,00-0033662,-0.06267064548062906,-6.335322740314529,ORACLE_STARTER_IDENTITY_ONLY,POSTGAME_ACTUAL_STARTER,False,False,-56.33532274031453
2025,6,REG,2025-10-12,2025_06_NE_NO,NE,NO,Drake Maye,MayeDr00,00-0039851,0.012608384891773843,31.30419244588692,Spencer Rattler,RattSp00,00-0039376,-0.13083649901496794,-40.41824950748397,ORACLE_STARTER_IDENTITY_ONLY,POSTGAME_ACTUAL_STARTER,False,False,-71.72244195337089
2025,6,REG,2025-10-09,2025_06_PHI_NYG,PHI,NYG,Jalen Hurts,HurtJa00,00-0036389,0.07730316205575369,50.0,Jaxson Dart,DartJa00,00-0040691,-0.0951473670466339,-22.573683523316948,ORACLE_STARTER_IDENTITY_ONLY,POSTGAME_ACTUAL_STARTER,False,False,-72.57368352331694
2025,6,REG,2025-10-12,2025_06_SEA_JAX,SEA,JAX,Sam Darnold,DarnSa00,00-0034869,-0.031116836105483076,9.441581947258463,Trevor Lawrence,LawrTr00,00-0036971,0.008557520272622968,29.278760136311483,ORACLE_STARTER_IDENTITY_ONLY,POSTGAME_ACTUAL_STARTER,False,False,19.83717818905302
2025,6,REG,2025-10-12,2025_06_SF_TB,SF,TB,Mac Jones,JoneMa05,00-0036972,-0.00934779576997632,20.326102115011842,Baker Mayfield,MayfBa00,00-0034855,0.07533556640137895,50.0,ORACLE_STARTER_IDENTITY_ONLY,POSTGAME_ACTUAL_STARTER,False,False,29.673897884988158
2025,6,REG,2025-10-12,2025_06_TEN_LV,TEN,LV,Cam Ward,WardCa00,00-0040676,-0.13737157512994266,-43.68578756497133,Geno Smith,SmitGe00,00-0030565,0.02462813845189084,37.31406922594542,ORACLE_STARTER_IDENTITY_ONLY,POSTGAME_ACTUAL_STARTER,False,False,80.99985679091674
2025,7,REG,2025-10-19,2025_07_ATL_SF,ATL,SF,Michael Penix,PeniMi00,00-0039917,0.014072072038540124,32.036036019270064,Mac Jones,JoneMa05,00-0036972,-0.011065129382554448,19.467435308722777,ORACLE_STARTER_IDENTITY_ONLY,POSTGAME_ACTUAL_STARTER,False,False,-12.568600710547287
2025,7,REG,2025-10-19,2025_07_CAR_NYJ,CAR,NYJ,Bryce Young,YounBr01,00-0039150,-0.14455781416922717,-47.27890708461358,Justin Fields,FielJu00,00-0036945,-0.09970562518739286,-24.852812593696427,ORACLE_STARTER_IDENTITY_ONLY,POSTGAME_ACTUAL_STARTER,False,False,22.42609449091715
2025,7,REG,2025-10-19,2025_07_GB_ARI,GB,ARI,Jordan Love,LoveJo03,00-0036264,0.12447871512869609,50.0,Jacoby Brissett,BrisJa00,00-0033119,-0.01224373333215063,18.878133333924684,ORACLE_STARTER_IDENTITY_ONLY,POSTGAME_ACTUAL_STARTER,False,False,-31.121866666075316
2025,7,REG,2025-10-20,2025_07_HOU_SEA,HOU,SEA,C.J. Stroud,StroCJ00,00-0039163,0.04558917715494235,47.79458857747118,Sam Darnold,DarnSa00,00-0034869,-0.02717731020327793,11.411344898361037,ORACLE_STARTER_IDENTITY_ONLY,POSTGAME_ACTUAL_STARTER,False,False,-36.383243679110144
2025,7,REG,2025-10-19,2025_07_IND_LAC,IND,LAC,Daniel Jones,JoneDa05,00-0035710,-0.02979665610272634,10.101671948636833,Justin Herbert,HerbJu00,00-0036355,0.09147366332091618,50.0,ORACLE_STARTER_IDENTITY_ONLY,POSTGAME_ACTUAL_STARTER,False,False,39.898328051363166
2025,7,REG,2025-10-19,2025_07_LA_JAX,LAR,JAX,Matthew Stafford,StafMa00,00-0026498,0.10346638379040309,50.0,Trevor Lawrence,LawrTr00,00-0036971,0.00829890444815759,29.149452224078797,ORACLE_STARTER_IDENTITY_ONLY,POSTGAME_ACTUAL_STARTER,False,False,-20.850547775921203
2025,7,REG,2025-10-19,2025_07_LV_KC,LV,KC,Geno Smith,SmitGe00,00-0030565,0.02460921730738628,37.304608653693144,Patrick Mahomes,MahoPa00,00-0033873,0.21588954382609174,50.0,ORACLE_STARTER_IDENTITY_ONLY,POSTGAME_ACTUAL_STARTER,False,False,12.695391346306856
2025,7,REG,2025-10-19,2025_07_MIA_CLE,MIA,CLE,Tua Tagovailoa,TagoTu00,00-0036212,0.12118945856484209,50.0,Dillon Gabriel,GabrDi00,00-0040704,-0.07491495428238529,-12.457477141192642,ORACLE_STARTER_IDENTITY_ONLY,POSTGAME_ACTUAL_STARTER,False,False,-62.45747714119264
2025,7,REG,2025-10-19,2025_07_NE_TEN,NE,TEN,Drake Maye,MayeDr00,00-0039851,0.034635780463763616,42.31789023188181,Cam Ward,WardCa00,00-0040676,-0.1552680194909874,-50.0,ORACLE_STARTER_IDENTITY_ONLY,POSTGAME_ACTUAL_STARTER,False,False,-92.31789023188182
2025,7,REG,2025-10-19,2025_07_NO_CHI,NO,CHI,Spencer Rattler,RattSp00,00-0039376,-0.12024083232232638,-35.12041616116319,Caleb Williams,WillCa03,00-0039918,-0.035123503204666964,7.438248397666519,ORACLE_STARTER_IDENTITY_ONLY,POSTGAME_ACTUAL_STARTER,False,False,42.55866455882971
2025,7,REG,2025-10-19,2025_07_NYG_DEN,NYG,DEN,Jaxson Dart,DartJa00,00-0040691,-0.06511808520230247,-7.559042601151235,Bo Nix,NixxBo00,00-0039732,0.03601750954844371,43.008754774221856,ORACLE_STARTER_IDENTITY_ONLY,POSTGAME_ACTUAL_STARTER,False,False,50.56779737537309
2025,7,REG,2025-10-19,2025_07_PHI_MIN,PHI,MIN,Jalen Hurts,HurtJa00,00-0036389,0.07708547741242316,50.0,Carson Wentz,WentCa00,00-0032950,-0.003387768008187378,23.30611599590631,ORACLE_STARTER_IDENTITY_ONLY,POSTGAME_ACTUAL_STARTER,False,False,-26.69388400409369
2025,7,REG,2025-10-16,2025_07_PIT_CIN,PIT,CIN,Aaron Rodgers,RodgAa00,00-0023459,0.12014105057279782,50.0,Joe Flacco,FlacJo00,00-0026158,-0.049093648718931085,0.4531756405344589,ORACLE_STARTER_IDENTITY_ONLY,POSTGAME_ACTUAL_STARTER,False,False,-49.54682435946554
2025,7,REG,2025-10-20,2025_07_TB_DET,TB,DET,Baker Mayfield,MayfBa00,00-0034855,0.07779899350574415,50.0,Jared Goff,GoffJa00,00-0033106,0.12370653346822055,50.0,ORACLE_STARTER_IDENTITY_ONLY,POSTGAME_ACTUAL_STARTER,False,False,0.0
2025,7,REG,2025-10-19,2025_07_WAS_DAL,WAS,DAL,Jayden Daniels,DaniJa02,00-0039910,0.09524960556094744,50.0,Dak Prescott,PresDa01,00-0033077,0.12454416423280244,50.0,ORACLE_STARTER_IDENTITY_ONLY,POSTGAME_ACTUAL_STARTER,False,False,0.0
2025,8,REG,2025-10-26,2025_08_BUF_CAR,BUF,CAR,Josh Allen,AlleJo02,00-0034857,0.1300521847804596,50.0,Andy Dalton,DaltAn00,00-0027973,-0.008135317384692212,20.932341307653896,ORACLE_STARTER_IDENTITY_ONLY,POSTGAME_ACTUAL_STARTER,False,False,-29.067658692346104
2025,8,REG,2025-10-26,2025_08_CHI_BAL,CHI,BAL,Caleb Williams,WillCa03,00-0039918,-0.03206516419625606,8.967417901871972,Tyler Huntley,HuntTy01,00-0035993,-0.09381472182965182,-21.90736091482591,ORACLE_STARTER_IDENTITY_ONLY,POSTGAME_ACTUAL_STARTER,False,False,-30.874778816697884
2025,8,REG,2025-10-26,2025_08_CLE_NE,CLE,NE,Dillon Gabriel,GabrDi00,00-0040704,-0.06867411089563541,-9.337055447817704,Drake Maye,MayeDr00,00-0039851,0.04450072713667548,47.25036356833774,ORACLE_STARTER_IDENTITY_ONLY,POSTGAME_ACTUAL_STARTER,False,False,56.587419016155444
2025,8,REG,2025-10-26,2025_08_DAL_DEN,DAL,DEN,Dak Prescott,PresDa01,00-0033077,0.12535992531911766,50.0,Bo Nix,NixxBo00,00-0039732,0.03311156309227082,41.555781546135414,ORACLE_STARTER_IDENTITY_ONLY,POSTGAME_ACTUAL_STARTER,False,False,-8.444218453864586
2025,8,REG,2025-10-26,2025_08_GB_PIT,GB,PIT,Jordan Love,LoveJo03,00-0036264,0.1258892368487645,50.0,Aaron Rodgers,RodgAa00,00-0023459,0.12247962907400717,50.0,ORACLE_STARTER_IDENTITY_ONLY,POSTGAME_ACTUAL_STARTER,False,False,0.0
2025,8,REG,2025-10-26,2025_08_MIA_ATL,MIA,ATL,Tua Tagovailoa,TagoTu00,00-0036212,0.11150394322215498,50.0,Kirk Cousins,CousKi00,00-0029604,0.07984929687332064,50.0,ORACLE_STARTER_IDENTITY_ONLY,POSTGAME_ACTUAL_STARTER,False,False,0.0
2025,8,REG,2025-10-23,2025_08_MIN_LAC,MIN,LAC,Carson Wentz,WentCa00,00-0032950,-0.0041543885151031565,22.922805742448425,Justin Herbert,HerbJu00,00-0036355,0.09161160922362004,50.0,ORACLE_STARTER_IDENTITY_ONLY,POSTGAME_ACTUAL_STARTER,False,False,27.077194257551575
2025,8,REG,2025-10-26,2025_08_NYG_PHI,NYG,PHI,Jaxson Dart,DartJa00,00-0040691,-0.03729567454561862,6.3521627271906915,Jalen Hurts,HurtJa00,00-0036389,0.08279469849650999,50.0,ORACLE_STARTER_IDENTITY_ONLY,POSTGAME_ACTUAL_STARTER,False,False,43.64783727280931
2025,8,REG,2025-10-26,2025_08_NYJ_CIN,NYJ,CIN,Justin Fields,FielJu00,00-0036945,-0.10391082701156412,-26.955413505782058,Joe Flacco,FlacJo00,00-0026158,-0.04065239131092777,4.673804344536115,ORACLE_STARTER_IDENTITY_ONLY,POSTGAME_ACTUAL_STARTER,False,False,31.629217850318174
2025,8,REG,2025-10-26,2025_08_SF_HOU,SF,HOU,Mac Jones,JoneMa05,00-0036972,-0.009995076017293762,20.00246199135312,C.J. Stroud,StroCJ00,00-0039163,0.036030938033114884,43.01546901655745,ORACLE_STARTER_IDENTITY_ONLY,POSTGAME_ACTUAL_STARTER,False,False,23.013007025204328
2025,8,REG,2025-10-26,2025_08_TB_NO,TB,NO,Baker Mayfield,MayfBa00,00-0034855,0.07109475135626017,50.0,Spencer Rattler,RattSp00,00-0039376,-0.13043797821077294,-40.21898910538647,ORACLE_STARTER_IDENTITY_ONLY,POSTGAME_ACTUAL_STARTER,False,False,-90.21898910538647
2025,8,REG,2025-10-26,2025_08_TEN_IND,TEN,IND,Cam Ward,WardCa00,00-0040676,-0.16625051152433762,-50.0,Daniel Jones,JoneDa05,00-0035710,-0.024173111213498744,12.91344439325063,ORACLE_STARTER_IDENTITY_ONLY,POSTGAME_ACTUAL_STARTER,False,False,62.91344439325063
2025,8,REG,2025-10-27,2025_08_WAS_KC,WAS,KC,Marcus Mariota,MariMa01,00-0032268,0.017122644067504002,33.561322033752006,Patrick Mahomes,MahoPa00,00-0033873,0.21797928166698916,50.0,ORACLE_STARTER_IDENTITY_ONLY,POSTGAME_ACTUAL_STARTER,False,False,16.438677966247994
2025,9,REG,2025-11-03,2025_09_ARI_DAL,ARI,DAL,Jacoby Brissett,BrisJa00,00-0033119,-0.011374290628503796,19.3128546857481,Dak Prescott,PresDa01,00-0033077,0.12334603827772951,50.0,ORACLE_STARTER_IDENTITY_ONLY,POSTGAME_ACTUAL_STARTER,False,False,30.6871453142519
2025,9,REG,2025-11-02,2025_09_ATL_NE,ATL,NE,Michael Penix,PeniMi00,00-0039917,0.0012567557548198924,25.628377877409946,Drake Maye,MayeDr00,00-0039851,0.04980835126978834,49.90417563489417,ORACLE_STARTER_IDENTITY_ONLY,POSTGAME_ACTUAL_STARTER,False,False,24.275797757484227
2025,9,REG,2025-10-30,2025_09_BAL_MIA,BAL,MIA,Lamar Jackson,JackLa00,00-0034796,0.13919719131470445,50.0,Tua Tagovailoa,TagoTu00,00-0036212,0.11399933578801903,50.0,ORACLE_STARTER_IDENTITY_ONLY,POSTGAME_ACTUAL_STARTER,False,False,0.0
2025,9,REG,2025-11-02,2025_09_CAR_GB,CAR,GB,Bryce Young,YounBr01,00-0039150,-0.14181626095938618,-45.90813047969309,Jordan Love,LoveJo03,00-0036264,0.13673024119430252,50.0,ORACLE_STARTER_IDENTITY_ONLY,POSTGAME_ACTUAL_STARTER,False,False,95.90813047969309
2025,9,REG,2025-11-02,2025_09_CHI_CIN,CHI,CIN,Caleb Williams,WillCa03,00-0039918,-0.029815827880802996,10.092086059598504,Joe Flacco,FlacJo00,00-0026158,-0.038445651775860006,5.777174112069998,ORACLE_STARTER_IDENTITY_ONLY,POSTGAME_ACTUAL_STARTER,False,False,-4.314911947528506
2025,9,REG,2025-11-02,2025_09_DEN_HOU,DEN,HOU,Bo Nix,NixxBo00,00-0039732,0.044870461592370486,47.435230796185245,C.J. Stroud,StroCJ00,00-0039163,0.04705803313181766,48.529016565908826,ORACLE_STARTER_IDENTITY_ONLY,POSTGAME_ACTUAL_STARTER,False,False,1.0937857697235813
2025,9,REG,2025-11-02,2025_09_IND_PIT,IND,PIT,Daniel Jones,JoneDa05,00-0035710,-0.01940061495568003,15.299692522159985,Aaron Rodgers,RodgAa00,00-0023459,0.1204298107446248,50.0,ORACLE_STARTER_IDENTITY_ONLY,POSTGAME_ACTUAL_STARTER,False,False,34.70030747784001
2025,9,REG,2025-11-02,2025_09_JAX_LV,JAX,LV,Trevor Lawrence,LawrTr00,00-0036971,0.0035062081935440777,26.75310409677204,Geno Smith,SmitGe00,00-0030565,0.020318280363982064,35.159140181991035,ORACLE_STARTER_IDENTITY_ONLY,POSTGAME_ACTUAL_STARTER,False,False,8.406036085218993
2025,9,REG,2025-11-02,2025_09_KC_BUF,KC,BUF,Patrick Mahomes,MahoPa00,00-0033873,0.21894402842752492,50.0,Josh Allen,AlleJo02,00-0034857,0.1310472547096365,50.0,ORACLE_STARTER_IDENTITY_ONLY,POSTGAME_ACTUAL_STARTER,False,False,0.0
2025,9,REG,2025-11-02,2025_09_LAC_TEN,LAC,TEN,Justin Herbert,HerbJu00,00-0036355,0.094006964001671,50.0,Cam Ward,WardCa00,00-0040676,-0.16778880237627486,-50.0,ORACLE_STARTER_IDENTITY_ONLY,POSTGAME_ACTUAL_STARTER,False,False,-100.0
2025,9,REG,2025-11-02,2025_09_MIN_DET,MIN,DET,J.J. McCarthy,McCaJJ00,00-0039923,-0.1331703013546457,-41.585150677322844,Jared Goff,GoffJa00,00-0033106,0.1213373279085237,50.0,ORACLE_STARTER_IDENTITY_ONLY,POSTGAME_ACTUAL_STARTER,False,False,91.58515067732284
2025,9,REG,2025-11-02,2025_09_NO_LA,NO,LAR,Tyler Shough,ShouTy00,00-0040743,-0.1034653115610168,-26.732655780508402,Matthew Stafford,StafMa00,00-0026498,0.10479053860726929,50.0,ORACLE_STARTER_IDENTITY_ONLY,POSTGAME_ACTUAL_STARTER,False,False,76.7326557805084
2025,9,REG,2025-11-02,2025_09_SEA_WAS,SEA,WAS,Sam Darnold,DarnSa00,00-0034869,-0.028749027610181395,10.625486194909303,Jayden Daniels,DaniJa02,00-0039910,0.08753462763617799,50.0,ORACLE_STARTER_IDENTITY_ONLY,POSTGAME_ACTUAL_STARTER,False,False,39.3745138050907
2025,9,REG,2025-11-02,2025_09_SF_NYG,SF,NYG,Mac Jones,JoneMa05,00-0036972,-0.011110238767109409,19.444880616445296,Jaxson Dart,DartJa00,00-0040691,-0.027078004819359843,11.46099759032008,ORACLE_STARTER_IDENTITY_ONLY,POSTGAME_ACTUAL_STARTER,False,False,-7.983883026125216
2025,10,REG,2025-11-09,2025_10_ARI_SEA,ARI,SEA,Jacoby Brissett,BrisJa00,00-0033119,-0.007328894960693735,21.335552519653135,Sam Darnold,DarnSa00,00-0034869,-0.02061476058689687,14.692619706551566,ORACLE_STARTER_IDENTITY_ONLY,POSTGAME_ACTUAL_STARTER,False,False,-6.642932813101568
2025,10,REG,2025-11-09,2025_10_ATL_IND,ATL,IND,Michael Penix,PeniMi00,00-0039917,0.007454604398795025,28.727302199397517,Daniel Jones,JoneDa05,00-0035710,-0.024287466835453377,12.856266582273312,ORACLE_STARTER_IDENTITY_ONLY,POSTGAME_ACTUAL_STARTER,False,False,-15.871035617124205
2025,10,REG,2025-11-09,2025_10_BAL_MIN,BAL,MIN,Lamar Jackson,JackLa00,00-0034796,0.14120266308242893,50.0,J.J. McCarthy,McCaJJ00,00-0039923,-0.14326665925081253,-46.63332962540626,ORACLE_STARTER_IDENTITY_ONLY,POSTGAME_ACTUAL_STARTER,False,False,-96.63332962540626
2025,10,REG,2025-11-09,2025_10_BUF_MIA,BUF,MIA,Josh Allen,AlleJo02,00-0034857,0.13219475072103876,50.0,Tua Tagovailoa,TagoTu00,00-0036212,0.11352743980950464,50.0,ORACLE_STARTER_IDENTITY_ONLY,POSTGAME_ACTUAL_STARTER,False,False,0.0
2025,10,REG,2025-11-09,2025_10_CLE_NYJ,CLE,NYJ,Dillon Gabriel,GabrDi00,00-0040704,-0.11366445007172148,-31.832225035860738,Justin Fields,FielJu00,00-0036945,-0.09169818547834989,-20.849092739174942,ORACLE_STARTER_IDENTITY_ONLY,POSTGAME_ACTUAL_STARTER,False,False,10.983132296685795
2025,10,REG,2025-11-09,2025_10_DET_WAS,DET,WAS,Jared Goff,GoffJa00,00-0033106,0.12116332052986428,50.0,Marcus Mariota,MariMa01,00-0032268,0.010905289609851128,30.452644804925566,ORACLE_STARTER_IDENTITY_ONLY,POSTGAME_ACTUAL_STARTER,False,False,-19.547355195074434
2025,10,REG,2025-11-09,2025_10_JAX_HOU,JAX,HOU,Trevor Lawrence,LawrTr00,00-0036971,0.0031818496930697653,26.590924846534886,Davis Mills,MillDa02,00-0036898,-0.10841480996791655,-29.207404983958277,ORACLE_STARTER_IDENTITY_ONLY,POSTGAME_ACTUAL_STARTER,False,False,-55.79832983049316
2025,10,REG,2025-11-09,2025_10_LA_SF,LAR,SF,Matthew Stafford,StafMa00,00-0026498,0.10670325026686202,50.0,Mac Jones,JoneMa05,00-0036972,-0.00503248441209727,22.483757793951366,ORACLE_STARTER_IDENTITY_ONLY,POSTGAME_ACTUAL_STARTER,False,False,-27.516242206048634
2025,10,REG,2025-11-06,2025_10_LV_DEN,LV,DEN,Geno Smith,SmitGe00,00-0030565,0.02475804466307526,37.37902233153763,Bo Nix,NixxBo00,00-0039732,0.040460773839842264,45.23038691992114,ORACLE_STARTER_IDENTITY_ONLY,POSTGAME_ACTUAL_STARTER,False,False,7.851364588383511
2025,10,REG,2025-11-09,2025_10_NE_TB,NE,TB,Drake Maye,MayeDr00,00-0039851,0.048587577860592215,49.29378893029611,Baker Mayfield,MayfBa00,00-0034855,0.07028966396095788,50.0,ORACLE_STARTER_IDENTITY_ONLY,POSTGAME_ACTUAL_STARTER,False,False,0.7062110697038904
2025,10,REG,2025-11-09,2025_10_NO_CAR,NO,CAR,Tyler Shough,ShouTy00,00-0040743,-0.09492572034766547,-22.462860173832734,Bryce Young,YounBr01,00-0039150,-0.14203178839543235,-46.01589419771617,ORACLE_STARTER_IDENTITY_ONLY,POSTGAME_ACTUAL_STARTER,False,False,-23.553034023883438
2025,10,REG,2025-11-09,2025_10_NYG_CHI,NYG,CHI,Jaxson Dart,DartJa00,00-0040691,-0.02094926488959921,14.525367555200397,Caleb Williams,WillCa03,00-0039918,-0.016185449647647152,16.907275176176427,ORACLE_STARTER_IDENTITY_ONLY,POSTGAME_ACTUAL_STARTER,False,False,2.3819076209760297
2025,10,REG,2025-11-10,2025_10_PHI_GB,PHI,GB,Jalen Hurts,HurtJa00,00-0036389,0.08471094667284004,50.0,Jordan Love,LoveJo03,00-0036264,0.13713173405559986,50.0,ORACLE_STARTER_IDENTITY_ONLY,POSTGAME_ACTUAL_STARTER,False,False,0.0
2025,10,REG,2025-11-09,2025_10_PIT_LAC,PIT,LAC,Aaron Rodgers,RodgAa00,00-0023459,0.11938244450135696,50.0,Justin Herbert,HerbJu00,00-0036355,0.09367952019076806,50.0,ORACLE_STARTER_IDENTITY_ONLY,POSTGAME_ACTUAL_STARTER,False,False,0.0
2025,11,REG,2025-11-16,2025_11_BAL_CLE,BAL,CLE,Lamar Jackson,JackLa00,00-0034796,0.13950027464300457,50.0,Dillon Gabriel,GabrDi00,00-0040704,-0.12077790417669462,-35.38895208834731,ORACLE_STARTER_IDENTITY_ONLY,POSTGAME_ACTUAL_STARTER,False,False,-85.38895208834731
2025,11,REG,2025-11-16,2025_11_CAR_ATL,CAR,ATL,Bryce Young,YounBr01,00-0039150,-0.1470628297731317,-48.53141488656585,Michael Penix,PeniMi00,00-0039917,-0.00482186213483465,22.589068932582673,ORACLE_STARTER_IDENTITY_ONLY,POSTGAME_ACTUAL_STARTER,False,False,71.12048381914852
2025,11,REG,2025-11-16,2025_11_CHI_MIN,CHI,MIN,Caleb Williams,WillCa03,00-0039918,-0.021270981720589627,14.364509139705188,J.J. McCarthy,McCaJJ00,00-0039923,-0.1506189004880983,-50.0,ORACLE_STARTER_IDENTITY_ONLY,POSTGAME_ACTUAL_STARTER,False,False,-64.36450913970519
2025,11,REG,2025-11-16,2025_11_CIN_PIT,CIN,PIT,Joe Flacco,FlacJo00,00-0026158,-0.029996001988094996,10.001999005952504,Aaron Rodgers,RodgAa00,00-0023459,0.11438394864176646,50.0,ORACLE_STARTER_IDENTITY_ONLY,POSTGAME_ACTUAL_STARTER,False,False,39.998000994047494
2025,11,REG,2025-11-17,2025_11_DAL_LV,DAL,LV,Dak Prescott,PresDa01,00-0033077,0.12115952789013423,50.0,Geno Smith,SmitGe00,00-0030565,0.018691422394102996,34.3457111970515,ORACLE_STARTER_IDENTITY_ONLY,POSTGAME_ACTUAL_STARTER,False,False,-15.6542888029485
2025,11,REG,2025-11-16,2025_11_DET_PHI,DET,PHI,Jared Goff,GoffJa00,00-0033106,0.12562793706598002,50.0,Jalen Hurts,HurtJa00,00-0036389,0.087060333979415,50.0,ORACLE_STARTER_IDENTITY_ONLY,POSTGAME_ACTUAL_STARTER,False,False,0.0
2025,11,REG,2025-11-16,2025_11_GB_NYG,GB,NYG,Jordan Love,LoveJo03,00-0036264,0.12983768509764348,50.0,Jameis Winston,WinsJa00,00-0031503,0.037538962406719126,43.76948120335956,ORACLE_STARTER_IDENTITY_ONLY,POSTGAME_ACTUAL_STARTER,False,False,-6.230518796640439
2025,11,REG,2025-11-16,2025_11_HOU_TEN,HOU,TEN,Davis Mills,MillDa02,00-0036898,-0.10397068152453949,-26.985340762269743,Cam Ward,WardCa00,00-0040676,-0.16393180625295978,-50.0,ORACLE_STARTER_IDENTITY_ONLY,POSTGAME_ACTUAL_STARTER,False,False,-23.014659237730257
2025,11,REG,2025-11-16,2025_11_KC_DEN,KC,DEN,Patrick Mahomes,MahoPa00,00-0033873,0.2172961836956877,50.0,Bo Nix,NixxBo00,00-0039732,0.03414348364340533,42.071741821702666,ORACLE_STARTER_IDENTITY_ONLY,POSTGAME_ACTUAL_STARTER,False,False,-7.928258178297334
2025,11,REG,2025-11-16,2025_11_LAC_JAX,LAC,JAX,Justin Herbert,HerbJu00,00-0036355,0.09121778528242686,50.0,Trevor Lawrence,LawrTr00,00-0036971,0.0009196663451388285,25.459833172569414,ORACLE_STARTER_IDENTITY_ONLY,POSTGAME_ACTUAL_STARTER,False,False,-24.540166827430586
2025,11,REG,2025-11-13,2025_11_NYJ_NE,NYJ,NE,Justin Fields,FielJu00,00-0036945,-0.09630647166469429,-23.153235832347143,Drake Maye,MayeDr00,00-0039851,0.05386756327184293,50.0,ORACLE_STARTER_IDENTITY_ONLY,POSTGAME_ACTUAL_STARTER,False,False,73.15323583234715
2025,11,REG,2025-11-16,2025_11_SEA_LA,SEA,LAR,Sam Darnold,DarnSa00,00-0034869,-0.019204591457388856,15.397704271305573,Matthew Stafford,StafMa00,00-0026498,0.11112505570629927,50.0,ORACLE_STARTER_IDENTITY_ONLY,POSTGAME_ACTUAL_STARTER,False,False,34.60229572869443
2025,11,REG,2025-11-16,2025_11_SF_ARI,SF,ARI,Brock Purdy,PurdBr00,00-0037834,0.18749880052539683,50.0,Jacoby Brissett,BrisJa00,00-0033119,-0.01367466125502102,18.16266937248949,ORACLE_STARTER_IDENTITY_ONLY,POSTGAME_ACTUAL_STARTER,False,False,-31.83733062751051
2025,11,REG,2025-11-16,2025_11_TB_BUF,TB,BUF,Baker Mayfield,MayfBa00,00-0034855,0.06977708222383217,50.0,Josh Allen,AlleJo02,00-0034857,0.1318926574801807,50.0,ORACLE_STARTER_IDENTITY_ONLY,POSTGAME_ACTUAL_STARTER,False,False,0.0
2025,11,REG,2025-11-16,2025_11_WAS_MIA,WAS,MIA,Marcus Mariota,MariMa01,00-0032268,0.01888449379348179,34.4422468967409,Tua Tagovailoa,TagoTu00,00-0036212,0.11606314007076571,50.0,ORACLE_STARTER_IDENTITY_ONLY,POSTGAME_ACTUAL_STARTER,False,False,15.557753103259103
2025,12,REG,2025-11-23,2025_12_ATL_NO,ATL,NO,Kirk Cousins,CousKi00,00-0029604,0.0765106135463591,50.0,Tyler Shough,ShouTy00,00-0040743,-0.05270195652995177,-1.3509782649758841,ORACLE_STARTER_IDENTITY_ONLY,POSTGAME_ACTUAL_STARTER,False,False,-51.350978264975886
2025,12,REG,2025-11-20,2025_12_BUF_HOU,BUF,HOU,Josh Allen,AlleJo02,00-0034857,0.13372685943050716,50.0,Davis Mills,MillDa02,00-0036898,-0.10082275015803815,-25.411375079019077,ORACLE_STARTER_IDENTITY_ONLY,POSTGAME_ACTUAL_STARTER,False,False,-75.41137507901908
2025,12,REG,2025-11-24,2025_12_CAR_SF,CAR,SF,Bryce Young,YounBr01,00-0039150,-0.13371092009328017,-41.85546004664008,Brock Purdy,PurdBr00,00-0037834,0.18967351214644365,50.0,ORACLE_STARTER_IDENTITY_ONLY,POSTGAME_ACTUAL_STARTER,False,False,91.85546004664008
2025,12,REG,2025-11-23,2025_12_CLE_LV,CLE,LV,Shedeur Sanders,SandSh00,00-0040668,-0.10040443015950315,-25.202215079751575,Geno Smith,SmitGe00,00-0030565,0.012775829341499532,31.387914670749765,ORACLE_STARTER_IDENTITY_ONLY,POSTGAME_ACTUAL_STARTER,False,False,56.59012975050134
2025,12,REG,2025-11-23,2025_12_IND_KC,IND,KC,Daniel Jones,JoneDa05,00-0035710,-0.02464656234375499,12.676718828122507,Patrick Mahomes,MahoPa00,00-0033873,0.21571373452896703,50.0,ORACLE_STARTER_IDENTITY_ONLY,POSTGAME_ACTUAL_STARTER,False,False,37.3232811718775
2025,12,REG,2025-11-23,2025_12_JAX_ARI,JAX,ARI,Trevor Lawrence,LawrTr00,00-0036971,0.0017961622053815534,25.898081102690778,Jacoby Brissett,BrisJa00,00-0033119,-0.007758351569188974,21.120824215405516,ORACLE_STARTER_IDENTITY_ONLY,POSTGAME_ACTUAL_STARTER,False,False,-4.777256887285262
2025,12,REG,2025-11-23,2025_12_MIN_GB,MIN,GB,J.J. McCarthy,McCaJJ00,00-0039923,-0.17141894402482977,-50.0,Jordan Love,LoveJo03,00-0036264,0.1336177772522771,50.0,ORACLE_STARTER_IDENTITY_ONLY,POSTGAME_ACTUAL_STARTER,False,False,100.0
2025,12,REG,2025-11-23,2025_12_NE_CIN,NE,CIN,Drake Maye,MayeDr00,00-0039851,0.06515314773527454,50.0,Joe Flacco,FlacJo00,00-0026158,-0.03373293866940072,8.133530665299642,ORACLE_STARTER_IDENTITY_ONLY,POSTGAME_ACTUAL_STARTER,False,False,-41.866469334700355
2025,12,REG,2025-11-23,2025_12_NYG_DET,NYG,DET,Jameis Winston,WinsJa00,00-0031503,0.0401207018751596,45.060350937579805,Jared Goff,GoffJa00,00-0033106,0.12185214476009872,50.0,ORACLE_STARTER_IDENTITY_ONLY,POSTGAME_ACTUAL_STARTER,False,False,4.9396490624201945
2025,12,REG,2025-11-23,2025_12_NYJ_BAL,NYJ,BAL,Tyrod Taylor,TaylTy00,00-0028118,-0.0466850715776539,1.6574642111730522,Lamar Jackson,JackLa00,00-0034796,0.13511855854603938,50.0,ORACLE_STARTER_IDENTITY_ONLY,POSTGAME_ACTUAL_STARTER,False,False,48.34253578882695
2025,12,REG,2025-11-23,2025_12_PHI_DAL,PHI,DAL,Jalen Hurts,HurtJa00,00-0036389,0.08314506922634524,50.0,Dak Prescott,PresDa01,00-0033077,0.12222301737967764,50.0,ORACLE_STARTER_IDENTITY_ONLY,POSTGAME_ACTUAL_STARTER,False,False,0.0
2025,12,REG,2025-11-23,2025_12_PIT_CHI,PIT,CHI,Mason Rudolph,RudoMa00,00-0034771,-0.003388468620668359,23.305765689665822,Caleb Williams,WillCa03,00-0039918,-0.0214675286680504,14.266235665974802,ORACLE_STARTER_IDENTITY_ONLY,POSTGAME_ACTUAL_STARTER,False,False,-9.03953002369102
2025,12,REG,2025-11-23,2025_12_SEA_TEN,SEA,TEN,Sam Darnold,DarnSa00,00-0034869,-0.0234455863736808,13.277206813159601,Cam Ward,WardCa00,00-0040676,-0.1573123096384509,-50.0,ORACLE_STARTER_IDENTITY_ONLY,POSTGAME_ACTUAL_STARTER,False,False,-63.2772068131596
2025,12,REG,2025-11-23,2025_12_TB_LA,TB,LAR,Baker Mayfield,MayfBa00,00-0034855,0.06721060848367079,50.0,Matthew Stafford,StafMa00,00-0026498,0.1093898270567585,50.0,ORACLE_STARTER_IDENTITY_ONLY,POSTGAME_ACTUAL_STARTER,False,False,0.0
2025,13,REG,2025-11-30,2025_13_ARI_TB,ARI,TB,Jacoby Brissett,BrisJa00,00-0033119,-0.0119099965267798,19.0450017366101,Baker Mayfield,MayfBa00,00-0034855,0.0629313985162025,50.0,ORACLE_STARTER_IDENTITY_ONLY,POSTGAME_ACTUAL_STARTER,False,False,30.9549982633899
2025,13,REG,2025-11-30,2025_13_ATL_NYJ,ATL,NYJ,Kirk Cousins,CousKi00,00-0029604,0.07530117027475178,50.0,Tyrod Taylor,TaylTy00,00-0028118,-0.044195878830888415,2.902060584555794,ORACLE_STARTER_IDENTITY_ONLY,POSTGAME_ACTUAL_STARTER,False,False,-47.09793941544421
2025,13,REG,2025-11-30,2025_13_BUF_PIT,BUF,PIT,Josh Allen,AlleJo02,00-0034857,0.13149487735862941,50.0,Aaron Rodgers,RodgAa00,00-0023459,0.11424725757512058,50.0,ORACLE_STARTER_IDENTITY_ONLY,POSTGAME_ACTUAL_STARTER,False,False,0.0
2025,13,REG,2025-11-28,2025_13_CHI_PHI,CHI,PHI,Caleb Williams,WillCa03,00-0039918,-0.020374544139057295,14.812727930471354,Jalen Hurts,HurtJa00,00-0036389,0.08487049740128434,50.0,ORACLE_STARTER_IDENTITY_ONLY,POSTGAME_ACTUAL_STARTER,False,False,35.187272069528646
2025,13,REG,2025-11-27,2025_13_CIN_BAL,CIN,BAL,Joe Burrow,BurrJo01,00-0036442,0.11506452232425506,50.0,Lamar Jackson,JackLa00,00-0034796,0.13413886008266285,50.0,ORACLE_STARTER_IDENTITY_ONLY,POSTGAME_ACTUAL_STARTER,False,False,0.0
2025,13,REG,2025-11-30,2025_13_DEN_WAS,DEN,WAS,Bo Nix,NixxBo00,00-0039732,0.03705496550712842,43.52748275356421,Marcus Mariota,MariMa01,00-0032268,0.02153465536051165,35.767327680255825,ORACLE_STARTER_IDENTITY_ONLY,POSTGAME_ACTUAL_STARTER,False,False,-7.760155073308383
2025,13,REG,2025-11-27,2025_13_GB_DET,GB,DET,Jordan Love,LoveJo03,00-0036264,0.1350142027842644,50.0,Jared Goff,GoffJa00,00-0033106,0.1194789014681778,50.0,ORACLE_STARTER_IDENTITY_ONLY,POSTGAME_ACTUAL_STARTER,False,False,0.0
2025,13,REG,2025-11-30,2025_13_HOU_IND,HOU,IND,C.J. Stroud,StroCJ00,00-0039163,0.04836707784017324,49.18353892008662,Daniel Jones,JoneDa05,00-0035710,-0.02388746946208275,13.056265268958628,ORACLE_STARTER_IDENTITY_ONLY,POSTGAME_ACTUAL_STARTER,False,False,-36.12727365112799
2025,13,REG,2025-11-30,2025_13_JAX_TEN,JAX,TEN,Trevor Lawrence,LawrTr00,00-0036971,-0.0012267250650508294,24.386637467474586,Cam Ward,WardCa00,00-0040676,-0.14289358561315374,-46.446792806576866,ORACLE_STARTER_IDENTITY_ONLY,POSTGAME_ACTUAL_STARTER,False,False,-70.83343027405145
2025,13,REG,2025-11-27,2025_13_KC_DAL,KC,DAL,Patrick Mahomes,MahoPa00,00-0033873,0.21533781371445712,50.0,Dak Prescott,PresDa01,00-0033077,0.12223016767326592,50.0,ORACLE_STARTER_IDENTITY_ONLY,POSTGAME_ACTUAL_STARTER,False,False,0.0
2025,13,REG,2025-11-30,2025_13_LA_CAR,LAR,CAR,Matthew Stafford,StafMa00,00-0026498,0.11038514535337242,50.0,Bryce Young,YounBr01,00-0039150,-0.13759281304007584,-43.79640652003792,ORACLE_STARTER_IDENTITY_ONLY,POSTGAME_ACTUAL_STARTER,False,False,-93.79640652003792
2025,13,REG,2025-11-30,2025_13_LV_LAC,LV,LAC,Geno Smith,SmitGe00,00-0030565,0.005596603384227227,27.798301692113615,Justin Herbert,HerbJu00,00-0036355,0.08721636369598972,50.0,ORACLE_STARTER_IDENTITY_ONLY,POSTGAME_ACTUAL_STARTER,False,False,22.201698307886385
2025,13,REG,2025-11-30,2025_13_MIN_SEA,MIN,SEA,Max Brosmer,BrosMa00,00-0040494,-0.06330912972731847,-6.654564863659236,Sam Darnold,DarnSa00,00-0034869,-0.02013699094516586,14.931504527417072,ORACLE_STARTER_IDENTITY_ONLY,POSTGAME_ACTUAL_STARTER,False,False,21.586069391076308
2025,13,REG,2025-11-30,2025_13_NO_MIA,NO,MIA,Tyler Shough,ShouTy00,00-0040743,-0.07217809137753359,-11.089045688766792,Tua Tagovailoa,TagoTu00,00-0036212,0.11583983904549616,50.0,ORACLE_STARTER_IDENTITY_ONLY,POSTGAME_ACTUAL_STARTER,False,False,61.08904568876679
2025,13,REG,2025-12-01,2025_13_NYG_NE,NYG,NE,Jaxson Dart,DartJa00,00-0040691,-0.012143515030079047,18.928242484960478,Drake Maye,MayeDr00,00-0039851,0.06973366818938048,50.0,ORACLE_STARTER_IDENTITY_ONLY,POSTGAME_ACTUAL_STARTER,False,False,31.071757515039522
2025,13,REG,2025-11-30,2025_13_SF_CLE,SF,CLE,Brock Purdy,PurdBr00,00-0037834,0.18387818593841274,50.0,Shedeur Sanders,SandSh00,00-0040668,-0.08418596908032153,-17.092984540160764,ORACLE_STARTER_IDENTITY_ONLY,POSTGAME_ACTUAL_STARTER,False,False,-67.09298454016076
2025,14,REG,2025-12-07,2025_14_CHI_GB,CHI,GB,Caleb Williams,WillCa03,00-0039918,-0.024574640727648325,12.712679636175839,Jordan Love,LoveJo03,00-0036264,0.14192055753020796,50.0,ORACLE_STARTER_IDENTITY_ONLY,POSTGAME_ACTUAL_STARTER,False,False,37.287320363824165
2025,14,REG,2025-12-07,2025_14_CIN_BUF,CIN,BUF,Joe Burrow,BurrJo01,00-0036442,0.11528483595606688,50.0,Josh Allen,AlleJo02,00-0034857,0.1320003686966844,50.0,ORACLE_STARTER_IDENTITY_ONLY,POSTGAME_ACTUAL_STARTER,False,False,0.0
2025,14,REG,2025-12-04,2025_14_DAL_DET,DAL,DET,Dak Prescott,PresDa01,00-0033077,0.12459945650377142,50.0,Jared Goff,GoffJa00,00-0033106,0.1205888598727583,50.0,ORACLE_STARTER_IDENTITY_ONLY,POSTGAME_ACTUAL_STARTER,False,False,0.0
2025,14,REG,2025-12-07,2025_14_DEN_LV,DEN,LV,Bo Nix,NixxBo00,00-0039732,0.04338174803971524,46.690874019857624,Geno Smith,SmitGe00,00-0030565,0.00481717211648906,27.408586058244534,ORACLE_STARTER_IDENTITY_ONLY,POSTGAME_ACTUAL_STARTER,False,False,-19.28228796161309
2025,14,REG,2025-12-07,2025_14_HOU_KC,HOU,KC,C.J. Stroud,StroCJ00,00-0039163,0.05167989516339233,50.0,Patrick Mahomes,MahoPa00,00-0033873,0.21636174666690353,50.0,ORACLE_STARTER_IDENTITY_ONLY,POSTGAME_ACTUAL_STARTER,False,False,0.0
2025,14,REG,2025-12-07,2025_14_IND_JAX,IND,JAX,Daniel Jones,JoneDa05,00-0035710,-0.02346098323800287,13.269508380998568,Trevor Lawrence,LawrTr00,00-0036971,0.0003786861659824132,25.189343082991208,ORACLE_STARTER_IDENTITY_ONLY,POSTGAME_ACTUAL_STARTER,False,False,11.91983470199264
2025,14,REG,2025-12-07,2025_14_LA_ARI,LAR,ARI,Matthew Stafford,StafMa00,00-0026498,0.10886912914623387,50.0,Jacoby Brissett,BrisJa00,00-0033119,-0.00854674101788399,20.726629491058006,ORACLE_STARTER_IDENTITY_ONLY,POSTGAME_ACTUAL_STARTER,False,False,-29.273370508941994
2025,14,REG,2025-12-07,2025_14_MIA_NYJ,MIA,NYJ,Tua Tagovailoa,TagoTu00,00-0036212,0.11225996980922069,50.0,Tyrod Taylor,TaylTy00,00-0028118,-0.04354868254477602,3.225658727611991,ORACLE_STARTER_IDENTITY_ONLY,POSTGAME_ACTUAL_STARTER,False,False,-46.77434127238801
2025,14,REG,2025-12-07,2025_14_NO_TB,NO,TB,Tyler Shough,ShouTy00,00-0040743,-0.09093162628457643,-20.465813142288216,Baker Mayfield,MayfBa00,00-0034855,0.06290059949007683,50.0,ORACLE_STARTER_IDENTITY_ONLY,POSTGAME_ACTUAL_STARTER,False,False,70.46581314228821
2025,14,REG,2025-12-08,2025_14_PHI_LAC,PHI,LAC,Jalen Hurts,HurtJa00,00-0036389,0.0846111348158165,50.0,Justin Herbert,HerbJu00,00-0036355,0.08849237345042263,50.0,ORACLE_STARTER_IDENTITY_ONLY,POSTGAME_ACTUAL_STARTER,False,False,0.0
2025,14,REG,2025-12-07,2025_14_PIT_BAL,PIT,BAL,Aaron Rodgers,RodgAa00,00-0023459,0.11141340425188825,50.0,Lamar Jackson,JackLa00,00-0034796,0.12954655401376597,50.0,ORACLE_STARTER_IDENTITY_ONLY,POSTGAME_ACTUAL_STARTER,False,False,0.0
2025,14,REG,2025-12-07,2025_14_SEA_ATL,SEA,ATL,Sam Darnold,DarnSa00,00-0034869,-0.0224577523048789,13.77112384756055,Kirk Cousins,CousKi00,00-0029604,0.07606414681140931,50.0,ORACLE_STARTER_IDENTITY_ONLY,POSTGAME_ACTUAL_STARTER,False,False,36.22887615243945
2025,14,REG,2025-12-07,2025_14_TEN_CLE,TEN,CLE,Cam Ward,WardCa00,00-0040676,-0.16397485421374036,-50.0,Shedeur Sanders,SandSh00,00-0040668,-0.08946982696576991,-19.734913482884956,ORACLE_STARTER_IDENTITY_ONLY,POSTGAME_ACTUAL_STARTER,False,False,30.265086517115044
2025,14,REG,2025-12-07,2025_14_WAS_MIN,WAS,MIN,Jayden Daniels,DaniJa02,00-0039910,0.0845380552643909,50.0,J.J. McCarthy,McCaJJ00,00-0039923,-0.19826709405650922,-50.0,ORACLE_STARTER_IDENTITY_ONLY,POSTGAME_ACTUAL_STARTER,False,False,-100.0
2025,15,REG,2025-12-14,2025_15_ARI_HOU,ARI,HOU,Jacoby Brissett,BrisJa00,00-0033119,-0.01003425924731484,19.982870376342582,C.J. Stroud,StroCJ00,00-0039163,0.05083445126458515,50.0,ORACLE_STARTER_IDENTITY_ONLY,POSTGAME_ACTUAL_STARTER,False,False,30.017129623657418
2025,15,REG,2025-12-11,2025_15_ATL_TB,ATL,TB,Kirk Cousins,CousKi00,00-0029604,0.0717790105492202,50.0,Baker Mayfield,MayfBa00,00-0034855,0.0601185030879641,50.0,ORACLE_STARTER_IDENTITY_ONLY,POSTGAME_ACTUAL_STARTER,False,False,0.0
2025,15,REG,2025-12-14,2025_15_BAL_CIN,BAL,CIN,Lamar Jackson,JackLa00,00-0034796,0.12671646569652625,50.0,Joe Burrow,BurrJo01,00-0036442,0.11648628882126158,50.0,ORACLE_STARTER_IDENTITY_ONLY,POSTGAME_ACTUAL_STARTER,False,False,0.0
2025,15,REG,2025-12-14,2025_15_BUF_NE,BUF,NE,Josh Allen,AlleJo02,00-0034857,0.13442543851909414,50.0,Drake Maye,MayeDr00,00-0039851,0.078519028602331,50.0,ORACLE_STARTER_IDENTITY_ONLY,POSTGAME_ACTUAL_STARTER,False,False,0.0
2025,15,REG,2025-12-14,2025_15_CAR_NO,CAR,NO,Bryce Young,YounBr01,00-0039150,-0.12714472324768755,-38.572361623843776,Tyler Shough,ShouTy00,00-0040743,-0.08291763017809875,-16.458815089049374,ORACLE_STARTER_IDENTITY_ONLY,POSTGAME_ACTUAL_STARTER,False,False,22.113546534794402
2025,15,REG,2025-12-14,2025_15_CLE_CHI,CLE,CHI,Shedeur Sanders,SandSh00,00-0040668,-0.05811295603879524,-4.056478019397618,Caleb Williams,WillCa03,00-0039918,-0.024022998821736117,12.988500589131943,ORACLE_STARTER_IDENTITY_ONLY,POSTGAME_ACTUAL_STARTER,False,False,17.04497860852956
2025,15,REG,2025-12-14,2025_15_DET_LA,DET,LAR,Jared Goff,GoffJa00,00-0033106,0.12216373868876308,50.0,Matthew Stafford,StafMa00,00-0026498,0.11170987430081464,50.0,ORACLE_STARTER_IDENTITY_ONLY,POSTGAME_ACTUAL_STARTER,False,False,0.0
2025,15,REG,2025-12-14,2025_15_GB_DEN,GB,DEN,Jordan Love,LoveJo03,00-0036264,0.14423545884832994,50.0,Bo Nix,NixxBo00,00-0039732,0.04634268985375414,48.171344926877076,ORACLE_STARTER_IDENTITY_ONLY,POSTGAME_ACTUAL_STARTER,False,False,-1.828655073122924
2025,15,REG,2025-12-14,2025_15_IND_SEA,IND,SEA,Philip Rivers,RivePh00,00-0022942,0.15454838409822133,50.0,Sam Darnold,DarnSa00,00-0034869,-0.019075630664960548,15.462184667519727,ORACLE_STARTER_IDENTITY_ONLY,POSTGAME_ACTUAL_STARTER,False,False,-34.53781533248027
2025,15,REG,2025-12-14,2025_15_LAC_KC,LAC,KC,Justin Herbert,HerbJu00,00-0036355,0.0845210212542152,50.0,Patrick Mahomes,MahoPa00,00-0033873,0.21133101853546918,50.0,ORACLE_STARTER_IDENTITY_ONLY,POSTGAME_ACTUAL_STARTER,False,False,0.0
2025,15,REG,2025-12-14,2025_15_LV_PHI,LV,PHI,Kenny Pickett,PickKe00,00-0038102,-0.05093848937799169,-0.4692446889958436,Jalen Hurts,HurtJa00,00-0036389,0.07775842388815393,50.0,ORACLE_STARTER_IDENTITY_ONLY,POSTGAME_ACTUAL_STARTER,False,False,50.46924468899584
2025,15,REG,2025-12-15,2025_15_MIA_PIT,MIA,PIT,Tua Tagovailoa,TagoTu00,00-0036212,0.11197040775693269,50.0,Aaron Rodgers,RodgAa00,00-0023459,0.113058552060112,50.0,ORACLE_STARTER_IDENTITY_ONLY,POSTGAME_ACTUAL_STARTER,False,False,0.0
2025,15,REG,2025-12-14,2025_15_MIN_DAL,MIN,DAL,J.J. McCarthy,McCaJJ00,00-0039923,-0.16780517033136938,-50.0,Dak Prescott,PresDa01,00-0033077,0.12341671470210716,50.0,ORACLE_STARTER_IDENTITY_ONLY,POSTGAME_ACTUAL_STARTER,False,False,100.0
2025,15,REG,2025-12-14,2025_15_NYJ_JAX,NYJ,JAX,Brady Cook,CookBr03,00-0040398,-0.10591929561503928,-27.959647807519637,Trevor Lawrence,LawrTr00,00-0036971,0.004487491717565297,27.24374585878265,ORACLE_STARTER_IDENTITY_ONLY,POSTGAME_ACTUAL_STARTER,False,False,55.20339366630229
2025,15,REG,2025-12-14,2025_15_TEN_SF,TEN,SF,Cam Ward,WardCa00,00-0040676,-0.16964686390332245,-50.0,Brock Purdy,PurdBr00,00-0037834,0.18262037961583746,50.0,ORACLE_STARTER_IDENTITY_ONLY,POSTGAME_ACTUAL_STARTER,False,False,100.0
2025,15,REG,2025-12-14,2025_15_WAS_NYG,WAS,NYG,Marcus Mariota,MariMa01,00-0032268,0.01678732454922241,33.39366227461121,Jaxson Dart,DartJa00,00-0040691,-0.021305224822857755,14.347387588571124,ORACLE_STARTER_IDENTITY_ONLY,POSTGAME_ACTUAL_STARTER,False,False,-19.046274686040086
2025,16,REG,2025-12-21,2025_16_ATL_ARI,ATL,ARI,Kirk Cousins,CousKi00,00-0029604,0.07515945477595726,50.0,Jacoby Brissett,BrisJa00,00-0033119,-0.01073914162039111,19.63042918980445,ORACLE_STARTER_IDENTITY_ONLY,POSTGAME_ACTUAL_STARTER,False,False,-30.36957081019555
2025,16,REG,2025-12-21,2025_16_BUF_CLE,BUF,CLE,Josh Allen,AlleJo02,00-0034857,0.13549616203266462,50.0,Shedeur Sanders,SandSh00,00-0040668,-0.10742939147069633,-28.71469573534816,ORACLE_STARTER_IDENTITY_ONLY,POSTGAME_ACTUAL_STARTER,False,False,-78.71469573534816
2025,16,REG,2025-12-21,2025_16_CIN_MIA,CIN,MIA,Joe Burrow,BurrJo01,00-0036442,0.11105370923278512,50.0,Quinn Ewers,EwerQu00,00-0040234,-0.05976887993120517,-4.884439965602585,ORACLE_STARTER_IDENTITY_ONLY,POSTGAME_ACTUAL_STARTER,False,False,-54.88443996560258
2025,16,REG,2025-12-20,2025_16_GB_CHI,GB,CHI,Jordan Love,LoveJo03,00-0036264,0.14085200128190983,50.0,Caleb Williams,WillCa03,00-0039918,-0.021108844247781262,14.44557787610937,ORACLE_STARTER_IDENTITY_ONLY,POSTGAME_ACTUAL_STARTER,False,False,-35.55442212389063
2025,16,REG,2025-12-21,2025_16_JAX_DEN,JAX,DEN,Trevor Lawrence,LawrTr00,00-0036971,0.012880638973145349,31.44031948657268,Bo Nix,NixxBo00,00-0039732,0.060577004063257986,50.0,ORACLE_STARTER_IDENTITY_ONLY,POSTGAME_ACTUAL_STARTER,False,False,18.55968051342732
2025,16,REG,2025-12-21,2025_16_KC_TEN,KC,TEN,Gardner Minshew II,MinsGa00,00-0035289,-0.016805850156351734,16.597074921824134,Cam Ward,WardCa00,00-0040676,-0.15982341350871432,-50.0,ORACLE_STARTER_IDENTITY_ONLY,POSTGAME_ACTUAL_STARTER,False,False,-66.59707492182413
2025,16,REG,2025-12-21,2025_16_LAC_DAL,LAC,DAL,Justin Herbert,HerbJu00,00-0036355,0.0839644148174778,50.0,Dak Prescott,PresDa01,00-0033077,0.12251766164944582,50.0,ORACLE_STARTER_IDENTITY_ONLY,POSTGAME_ACTUAL_STARTER,False,False,0.0
2025,16,REG,2025-12-18,2025_16_LA_SEA,LAR,SEA,Matthew Stafford,StafMa00,00-0026498,0.11254778650475514,50.0,Sam Darnold,DarnSa00,00-0034869,-0.017381724758321428,16.309137620839287,ORACLE_STARTER_IDENTITY_ONLY,POSTGAME_ACTUAL_STARTER,False,False,-33.69086237916071
2025,16,REG,2025-12-21,2025_16_LV_HOU,LV,HOU,Geno Smith,SmitGe00,00-0030565,0.003805157268678581,26.902578634339292,C.J. Stroud,StroCJ00,00-0039163,0.05849584749357968,50.0,ORACLE_STARTER_IDENTITY_ONLY,POSTGAME_ACTUAL_STARTER,False,False,23.097421365660708
2025,16,REG,2025-12-21,2025_16_MIN_NYG,MIN,NYG,J.J. McCarthy,McCaJJ00,00-0039923,-0.12964970682484545,-39.82485341242272,Jaxson Dart,DartJa00,00-0040691,-0.017348339216676608,16.325830391661697,ORACLE_STARTER_IDENTITY_ONLY,POSTGAME_ACTUAL_STARTER,False,False,56.150683804084416
2025,16,REG,2025-12-21,2025_16_NE_BAL,NE,BAL,Drake Maye,MayeDr00,00-0039851,0.07359401401413675,50.0,Lamar Jackson,JackLa00,00-0034796,0.12628708207051292,50.0,ORACLE_STARTER_IDENTITY_ONLY,POSTGAME_ACTUAL_STARTER,False,False,0.0
2025,16,REG,2025-12-21,2025_16_NYJ_NO,NYJ,NO,Brady Cook,CookBr03,00-0040398,-0.11674204977524648,-33.371024887623236,Tyler Shough,ShouTy00,00-0040743,-0.06025499762119678,-5.1274988105983885,ORACLE_STARTER_IDENTITY_ONLY,POSTGAME_ACTUAL_STARTER,False,False,28.243526077024846
2025,16,REG,2025-12-20,2025_16_PHI_WAS,PHI,WAS,Jalen Hurts,HurtJa00,00-0036389,0.08157882135119306,50.0,Marcus Mariota,MariMa01,00-0032268,0.017572584960849024,33.786292480424514,ORACLE_STARTER_IDENTITY_ONLY,POSTGAME_ACTUAL_STARTER,False,False,-16.213707519575486
2025,16,REG,2025-12-21,2025_16_PIT_DET,PIT,DET,Aaron Rodgers,RodgAa00,00-0023459,0.11474504346555851,50.0,Jared Goff,GoffJa00,00-0033106,0.12367225362879246,50.0,ORACLE_STARTER_IDENTITY_ONLY,POSTGAME_ACTUAL_STARTER,False,False,0.0
2025,16,REG,2025-12-22,2025_16_SF_IND,SF,IND,Brock Purdy,PurdBr00,00-0037834,0.1893798322745432,50.0,Philip Rivers,RivePh00,00-0022942,0.15129505484984593,50.0,ORACLE_STARTER_IDENTITY_ONLY,POSTGAME_ACTUAL_STARTER,False,False,0.0
2025,16,REG,2025-12-21,2025_16_TB_CAR,TB,CAR,Baker Mayfield,MayfBa00,00-0034855,0.060547692849683,50.0,Bryce Young,YounBr01,00-0039150,-0.12030153827941861,-35.150769139709304,ORACLE_STARTER_IDENTITY_ONLY,POSTGAME_ACTUAL_STARTER,False,False,-85.1507691397093
2025,17,REG,2025-12-28,2025_17_ARI_CIN,ARI,CIN,Jacoby Brissett,BrisJa00,00-0033119,-0.011755017278476646,19.12249136076168,Joe Burrow,BurrJo01,00-0036442,0.1159648682165605,50.0,ORACLE_STARTER_IDENTITY_ONLY,POSTGAME_ACTUAL_STARTER,False,False,30.87750863923832
2025,17,REG,2025-12-27,2025_17_BAL_GB,BAL,GB,Tyler Huntley,HuntTy01,00-0035993,-0.08256376864179864,-16.281884320899316,Malik Willis,WillMa12,00-0038128,-0.05704858308668939,-3.5242915433446944,ORACLE_STARTER_IDENTITY_ONLY,POSTGAME_ACTUAL_STARTER,False,False,12.75759277755462
2025,17,REG,2025-12-28,2025_17_CHI_SF,CHI,SF,Caleb Williams,WillCa03,00-0039918,-0.016105288214510988,16.947355892744508,Brock Purdy,PurdBr00,00-0037834,0.19730059818141193,50.0,ORACLE_STARTER_IDENTITY_ONLY,POSTGAME_ACTUAL_STARTER,False,False,33.05264410725549
2025,17,REG,2025-12-25,2025_17_DAL_WAS,DAL,WAS,Dak Prescott,PresDa01,00-0033077,0.12456634300315414,50.0,Josh Johnson,JohnJo05,00-0026300,-0.0035131124128688525,23.243443793565575,ORACLE_STARTER_IDENTITY_ONLY,POSTGAME_ACTUAL_STARTER,False,False,-26.756556206434425
2025,17,REG,2025-12-25,2025_17_DEN_KC,DEN,KC,Bo Nix,NixxBo00,00-0039732,0.05870758436038949,50.0,Chris Oladokun,OladCh00,00-0037324,-0.07357840674530626,-11.789203372653128,ORACLE_STARTER_IDENTITY_ONLY,POSTGAME_ACTUAL_STARTER,False,False,-61.78920337265313
2025,17,REG,2025-12-25,2025_17_DET_MIN,DET,MIN,Jared Goff,GoffJa00,00-0033106,0.12439137181483186,50.0,Max Brosmer,BrosMa00,00-0040494,-0.15143689030720087,-50.0,ORACLE_STARTER_IDENTITY_ONLY,POSTGAME_ACTUAL_STARTER,False,False,-100.0
2025,17,REG,2025-12-27,2025_17_HOU_LAC,HOU,LAC,C.J. Stroud,StroCJ00,00-0039163,0.05894974857819198,50.0,Justin Herbert,HerbJu00,00-0036355,0.08969556081481035,50.0,ORACLE_STARTER_IDENTITY_ONLY,POSTGAME_ACTUAL_STARTER,False,False,0.0
2025,17,REG,2025-12-28,2025_17_JAX_IND,JAX,IND,Trevor Lawrence,LawrTr00,00-0036971,0.01555217162584745,32.776085812923725,Philip Rivers,RivePh00,00-0022942,0.15005918142428445,50.0,ORACLE_STARTER_IDENTITY_ONLY,POSTGAME_ACTUAL_STARTER,False,False,17.223914187076275
2025,17,REG,2025-12-29,2025_17_LA_ATL,LAR,ATL,Matthew Stafford,StafMa00,00-0026498,0.11731847336949461,50.0,Kirk Cousins,CousKi00,00-0029604,0.07643968782357521,50.0,ORACLE_STARTER_IDENTITY_ONLY,POSTGAME_ACTUAL_STARTER,False,False,0.0
2025,17,REG,2025-12-28,2025_17_NE_NYJ,NE,NYJ,Drake Maye,MayeDr00,00-0039851,0.08392715052931043,50.0,Brady Cook,CookBr03,00-0040398,-0.16053572581893044,-50.0,ORACLE_STARTER_IDENTITY_ONLY,POSTGAME_ACTUAL_STARTER,False,False,-100.0
2025,17,REG,2025-12-28,2025_17_NO_TEN,NO,TEN,Tyler Shough,ShouTy00,00-0040743,-0.04905271209283544,0.47364395358228184,Cam Ward,WardCa00,00-0040676,-0.144852603107405,-47.426301553702494,ORACLE_STARTER_IDENTITY_ONLY,POSTGAME_ACTUAL_STARTER,False,False,-47.89994550728478
2025,17,REG,2025-12-28,2025_17_NYG_LV,NYG,LV,Jaxson Dart,DartJa00,00-0040691,-0.04119245049064828,4.4037747546758625,Geno Smith,SmitGe00,00-0030565,0.00437362270205397,27.186811351026986,ORACLE_STARTER_IDENTITY_ONLY,POSTGAME_ACTUAL_STARTER,False,False,22.783036596351124
2025,17,REG,2025-12-28,2025_17_PHI_BUF,PHI,BUF,Jalen Hurts,HurtJa00,00-0036389,0.08317750316282996,50.0,Josh Allen,AlleJo02,00-0034857,0.1333418096220957,50.0,ORACLE_STARTER_IDENTITY_ONLY,POSTGAME_ACTUAL_STARTER,False,False,0.0
2025,17,REG,2025-12-28,2025_17_PIT_CLE,PIT,CLE,Aaron Rodgers,RodgAa00,00-0023459,0.11613413730927821,50.0,Shedeur Sanders,SandSh00,00-0040668,-0.126972775777007,-38.486387888503494,ORACLE_STARTER_IDENTITY_ONLY,POSTGAME_ACTUAL_STARTER,False,False,-88.48638788850349
2025,17,REG,2025-12-28,2025_17_SEA_CAR,SEA,CAR,Sam Darnold,DarnSa00,00-0034869,-0.017988458031432737,16.005770984283632,Bryce Young,YounBr01,00-0039150,-0.11549329868654035,-32.74664934327017,ORACLE_STARTER_IDENTITY_ONLY,POSTGAME_ACTUAL_STARTER,False,False,-48.75242032755381
2025,17,REG,2025-12-28,2025_17_TB_MIA,TB,MIA,Baker Mayfield,MayfBa00,00-0034855,0.0607968741913532,50.0,Quinn Ewers,EwerQu00,00-0040234,-0.03498144790149056,7.509276049254721,ORACLE_STARTER_IDENTITY_ONLY,POSTGAME_ACTUAL_STARTER,False,False,-42.49072395074528
2025,18,REG,2026-01-04,2025_18_ARI_LA,ARI,LAR,Jacoby Brissett,BrisJa00,00-0033119,-0.011885065197990523,19.05746740100474,Matthew Stafford,StafMa00,00-0026498,0.1157115328958219,50.0,ORACLE_STARTER_IDENTITY_ONLY,POSTGAME_ACTUAL_STARTER,False,False,30.94253259899526
2025,18,REG,2026-01-04,2025_18_BAL_PIT,BAL,PIT,Lamar Jackson,JackLa00,00-0034796,0.1277887059067663,50.0,Aaron Rodgers,RodgAa00,00-0023459,0.11228562661261743,50.0,ORACLE_STARTER_IDENTITY_ONLY,POSTGAME_ACTUAL_STARTER,False,False,0.0
2025,18,REG,2026-01-03,2025_18_CAR_TB,CAR,TB,Bryce Young,YounBr01,00-0039150,-0.1260295402827744,-38.0147701413872,Baker Mayfield,MayfBa00,00-0034855,0.060555346756039755,50.0,ORACLE_STARTER_IDENTITY_ONLY,POSTGAME_ACTUAL_STARTER,False,False,88.0147701413872
2025,18,REG,2026-01-04,2025_18_CLE_CIN,CLE,CIN,Shedeur Sanders,SandSh00,00-0040668,-0.1320688515035454,-41.034425751772694,Joe Burrow,BurrJo01,00-0036442,0.1202030188135248,50.0,ORACLE_STARTER_IDENTITY_ONLY,POSTGAME_ACTUAL_STARTER,False,False,91.03442575177269
2025,18,REG,2026-01-04,2025_18_DAL_NYG,DAL,NYG,Dak Prescott,PresDa01,00-0033077,0.12586011089527574,50.0,Jaxson Dart,DartJa00,00-0040691,-0.033654063891919675,8.172968054040163,ORACLE_STARTER_IDENTITY_ONLY,POSTGAME_ACTUAL_STARTER,False,False,-41.82703194595984
2025,18,REG,2026-01-04,2025_18_DET_CHI,DET,CHI,Jared Goff,GoffJa00,00-0033106,0.12233736237633498,50.0,Caleb Williams,WillCa03,00-0039918,-0.0021637191846944894,23.918140407652757,ORACLE_STARTER_IDENTITY_ONLY,POSTGAME_ACTUAL_STARTER,False,False,-26.081859592347243
2025,18,REG,2026-01-04,2025_18_GB_MIN,GB,MIN,Clayton Tune,TuneCl00,00-0038582,-0.19288249501335944,-50.0,J.J. McCarthy,McCaJJ00,00-0039923,-0.1412908260890659,-45.64541304453295,ORACLE_STARTER_IDENTITY_ONLY,POSTGAME_ACTUAL_STARTER,False,False,4.354586955467049
2025,18,REG,2026-01-04,2025_18_IND_HOU,IND,HOU,Riley Leonard,LeonRi02,00-0040206,-0.08006600133713293,-15.033000668566464,C.J. Stroud,StroCJ00,00-0039163,0.055342431428798085,50.0,ORACLE_STARTER_IDENTITY_ONLY,POSTGAME_ACTUAL_STARTER,False,False,65.03300066856646
2025,18,REG,2026-01-04,2025_18_KC_LV,KC,LV,Chris Oladokun,OladCh00,00-0037324,-0.09697110020036526,-23.48555010018263,Kenny Pickett,PickKe00,00-0038102,-0.06447852973123301,-7.239264865616504,ORACLE_STARTER_IDENTITY_ONLY,POSTGAME_ACTUAL_STARTER,False,False,16.246285234566123
2025,18,REG,2026-01-04,2025_18_LAC_DEN,LAC,DEN,Trey Lance,LancTr00,00-0037012,-0.06212214354933807,-6.061071774669035,Bo Nix,NixxBo00,00-0039732,0.059141870251086845,50.0,ORACLE_STARTER_IDENTITY_ONLY,POSTGAME_ACTUAL_STARTER,False,False,56.06107177466903
2025,18,REG,2026-01-04,2025_18_MIA_NE,MIA,NE,Quinn Ewers,EwerQu00,00-0040234,-0.017395107156401652,16.30244642179918,Drake Maye,MayeDr00,00-0039851,0.10901549260859626,50.0,ORACLE_STARTER_IDENTITY_ONLY,POSTGAME_ACTUAL_STARTER,False,False,33.697553578200825
2025,18,REG,2026-01-04,2025_18_NO_ATL,NO,ATL,Tyler Shough,ShouTy00,00-0040743,-0.014033884362172816,17.983057818913593,Kirk Cousins,CousKi00,00-0029604,0.07726438625883156,50.0,ORACLE_STARTER_IDENTITY_ONLY,POSTGAME_ACTUAL_STARTER,False,False,32.01694218108641
2025,18,REG,2026-01-04,2025_18_NYJ_BUF,NYJ,BUF,Brady Cook,CookBr03,00-0040398,-0.18523868620857895,-50.0,Josh Allen,AlleJo02,00-0034857,0.1306463926156647,50.0,ORACLE_STARTER_IDENTITY_ONLY,POSTGAME_ACTUAL_STARTER,False,False,100.0
2025,18,REG,2026-01-03,2025_18_SEA_SF,SEA,SF,Sam Darnold,DarnSa00,00-0034869,-0.020055534341343325,14.97223282932834,Brock Purdy,PurdBr00,00-0037834,0.20064799465453237,50.0,ORACLE_STARTER_IDENTITY_ONLY,POSTGAME_ACTUAL_STARTER,False,False,35.02776717067166
2025,18,REG,2026-01-04,2025_18_TEN_JAX,TEN,JAX,Cam Ward,WardCa00,00-0040676,-0.14748200512805468,-48.74100256402734,Trevor Lawrence,LawrTr00,00-0036971,0.01745868653091833,33.729343265459164,ORACLE_STARTER_IDENTITY_ONLY,POSTGAME_ACTUAL_STARTER,False,False,82.4703458294865
2025,18,REG,2026-01-04,2025_18_WAS_PHI,WAS,PHI,Josh Johnson,JohnJo05,00-0026300,0.004641966635324509,27.320983317662257,Tanner McKee,McKeTa01,00-0038400,0.020912811630522707,35.456405815261355,ORACLE_STARTER_IDENTITY_ONLY,POSTGAME_ACTUAL_STARTER,False,False,8.135422497599098
2025,19,WC,2026-01-11,2025_19_BUF_JAX,BUF,JAX,Josh Allen,AlleJo02,00-0034857,0.1306463926156647,50.0,Trevor Lawrence,LawrTr00,00-0036971,0.020550503682916332,35.275251841458164,ORACLE_STARTER_IDENTITY_ONLY,POSTGAME_ACTUAL_STARTER,False,False,-14.724748158541836
2025,19,WC,2026-01-10,2025_19_GB_CHI,GB,CHI,Jordan Love,LoveJo03,00-0036264,0.13990675025434432,50.0,Caleb Williams,WillCa03,00-0039918,-0.0031518367366692637,23.42408163166537,ORACLE_STARTER_IDENTITY_ONLY,POSTGAME_ACTUAL_STARTER,False,False,-26.57591836833463
2025,19,WC,2026-01-12,2025_19_HOU_PIT,HOU,PIT,C.J. Stroud,StroCJ00,00-0039163,0.05690662033311947,50.0,Aaron Rodgers,RodgAa00,00-0023459,0.11272221052911319,50.0,ORACLE_STARTER_IDENTITY_ONLY,POSTGAME_ACTUAL_STARTER,False,False,0.0
2025,19,WC,2026-01-11,2025_19_LAC_NE,LAC,NE,Justin Herbert,HerbJu00,00-0036355,0.08688322639793498,50.0,Drake Maye,MayeDr00,00-0039851,0.11532171260145328,50.0,ORACLE_STARTER_IDENTITY_ONLY,POSTGAME_ACTUAL_STARTER,False,False,0.0
2025,19,WC,2026-01-10,2025_19_LA_CAR,LAR,CAR,Matthew Stafford,StafMa00,00-0026498,0.1181604274562337,50.0,Bryce Young,YounBr01,00-0039150,-0.11931711223579104,-34.65855611789552,ORACLE_STARTER_IDENTITY_ONLY,POSTGAME_ACTUAL_STARTER,False,False,-84.65855611789553
2025,19,WC,2026-01-11,2025_19_SF_PHI,SF,PHI,Brock Purdy,PurdBr00,00-0037834,0.19066766632084897,50.0,Jalen Hurts,HurtJa00,00-0036389,0.08071907590692835,50.0,ORACLE_STARTER_IDENTITY_ONLY,POSTGAME_ACTUAL_STARTER,False,False,0.0
2025,20,DIV,2026-01-17,2025_20_BUF_DEN,BUF,DEN,Josh Allen,AlleJo02,00-0034857,0.1316716041760972,50.0,Bo Nix,NixxBo00,00-0039732,0.0548453041865212,50.0,ORACLE_STARTER_IDENTITY_ONLY,POSTGAME_ACTUAL_STARTER,False,False,0.0
2025,20,DIV,2026-01-18,2025_20_HOU_NE,HOU,NE,C.J. Stroud,StroCJ00,00-0039163,0.056134347573564114,50.0,Drake Maye,MayeDr00,00-0039851,0.11217951779895025,50.0,ORACLE_STARTER_IDENTITY_ONLY,POSTGAME_ACTUAL_STARTER,False,False,0.0
2025,20,DIV,2026-01-18,2025_20_LA_CHI,LAR,CHI,Matthew Stafford,StafMa00,00-0026498,0.11813899575686199,50.0,Caleb Williams,WillCa03,00-0039918,0.005355047875261714,27.67752393763086,ORACLE_STARTER_IDENTITY_ONLY,POSTGAME_ACTUAL_STARTER,False,False,-22.32247606236914
2025,20,DIV,2026-01-17,2025_20_SF_SEA,SF,SEA,Brock Purdy,PurdBr00,00-0037834,0.18991640067554058,50.0,Sam Darnold,DarnSa00,00-0034869,-0.018458453751115236,15.770773124442382,ORACLE_STARTER_IDENTITY_ONLY,POSTGAME_ACTUAL_STARTER,False,False,-34.229226875557615
2025,21,CON,2026-01-25,2025_21_LA_SEA,LAR,SEA,Matthew Stafford,StafMa00,00-0026498,0.11733797345386252,50.0,Sam Darnold,DarnSa00,00-0034869,-0.01684881146737201,16.575594266314,ORACLE_STARTER_IDENTITY_ONLY,POSTGAME_ACTUAL_STARTER,False,False,-33.424405733686
2025,21,CON,2026-01-25,2025_21_NE_DEN,NE,DEN,Drake Maye,MayeDr00,00-0039851,0.10350021910452131,50.0,Jarrett Stidham,StidJa00,00-0035264,-0.08216409979410422,-16.08204989705211,ORACLE_STARTER_IDENTITY_ONLY,POSTGAME_ACTUAL_STARTER,False,False,-66.08204989705212
2025,22,SB,2026-02-08,2025_22_SEA_NE,SEA,NE,Sam Darnold,DarnSa00,00-0034869,-0.01138953445375034,19.305232773124832,Drake Maye,MayeDr00,00-0039851,0.09389280091817344,50.0,ORACLE_STARTER_IDENTITY_ONLY,POSTGAME_ACTUAL_STARTER,False,False,30.694767226875168
