raw_player_name,display_name,pfr_id,gsis_id,position,mapping_source,mapping_rule
Aaron Rodgers,Aaron Rodgers,RodgAa00,00-0023459,QB,FROZEN_TASK04A_CROSSWALK,EXACT_HISTORICAL_NAME
Andy Dalton,Andy Dalton,DaltAn00,00-0027973,QB,FROZEN_TASK04A_CROSSWALK,EXACT_HISTORICAL_NAME
Baker Mayfield,Baker Mayfield,MayfBa00,00-0034855,QB,FROZEN_TASK04A_CROSSWALK,EXACT_HISTORICAL_NAME
Bo Nix,Bo Nix,NixxBo00,00-0039732,QB,FROZEN_TASK04A_CROSSWALK,EXACT_HISTORICAL_NAME
Brady Cook,Brady Cook,CookBr03,00-0040398,QB,NFLVERSE_PLAYERS_2026_08_29,EXACT_DISPLAY_OR_FOOTBALL_NAME_QB
Brock Purdy,Brock Purdy,PurdBr00,00-0037834,QB,FROZEN_TASK04A_CROSSWALK,EXACT_HISTORICAL_NAME
Bryce Young,Bryce Young,YounBr01,00-0039150,QB,FROZEN_TASK04A_CROSSWALK,EXACT_HISTORICAL_NAME
C.J. Stroud,C.J. Stroud,StroCJ00,00-0039163,QB,FROZEN_TASK04A_CROSSWALK,EXACT_HISTORICAL_NAME
Caleb Williams,Caleb Williams,WillCa03,00-0039918,QB,FROZEN_TASK04A_CROSSWALK,EXACT_HISTORICAL_NAME
Cam Ward,Cam Ward,WardCa00,00-0040676,QB,NFLVERSE_PLAYERS_2026_08_29,EXACT_DISPLAY_OR_FOOTBALL_NAME_QB
Carson Wentz,Carson Wentz,WentCa00,00-0032950,QB,FROZEN_TASK04A_CROSSWALK,EXACT_HISTORICAL_NAME
Chris Oladokun,Chris Oladokun,OladCh00,00-0037324,QB,NFLVERSE_PLAYERS_2026_08_29,EXACT_DISPLAY_OR_FOOTBALL_NAME_QB
Clayton Tune,Clayton Tune,TuneCl00,00-0038582,QB,FROZEN_TASK04A_CROSSWALK,EXACT_HISTORICAL_NAME
Cooper Rush,Cooper Rush,RushCo00,00-0033662,QB,FROZEN_TASK04A_CROSSWALK,EXACT_HISTORICAL_NAME
Dak Prescott,Dak Prescott,PresDa01,00-0033077,QB,FROZEN_TASK04A_CROSSWALK,EXACT_HISTORICAL_NAME
Daniel Jones,Daniel Jones,JoneDa05,00-0035710,QB,FROZEN_TASK04A_CROSSWALK,EXACT_HISTORICAL_NAME
Davis Mills,Davis Mills,MillDa02,00-0036898,QB,FROZEN_TASK04A_CROSSWALK,EXACT_HISTORICAL_NAME
Dillon Gabriel,Dillon Gabriel,GabrDi00,00-0040704,QB,NFLVERSE_PLAYERS_2026_08_29,EXACT_DISPLAY_OR_FOOTBALL_NAME_QB
Drake Maye,Drake Maye,MayeDr00,00-0039851,QB,FROZEN_TASK04A_CROSSWALK,EXACT_HISTORICAL_NAME
Gardner Minshew II,Gardner Minshew,MinsGa00,00-0035289,QB,FROZEN_TASK04A_CROSSWALK,EXPLICIT_HISTORICAL_ALIAS:Gardner Minshew II->Gardner Minshew
Geno Smith,Geno Smith,SmitGe00,00-0030565,QB,FROZEN_TASK04A_CROSSWALK,EXACT_HISTORICAL_NAME
J.J. McCarthy,J.J. McCarthy,McCaJJ00,00-0039923,QB,NFLVERSE_PLAYERS_2026_08_29,EXACT_DISPLAY_OR_FOOTBALL_NAME_QB
Jacoby Brissett,Jacoby Brissett,BrisJa00,00-0033119,QB,FROZEN_TASK04A_CROSSWALK,EXACT_HISTORICAL_NAME
Jake Browning,Jake Browning,BrowJa08,00-0035100,QB,FROZEN_TASK04A_CROSSWALK,EXACT_HISTORICAL_NAME
Jalen Hurts,Jalen Hurts,HurtJa00,00-0036389,QB,FROZEN_TASK04A_CROSSWALK,EXACT_HISTORICAL_NAME
Jameis Winston,Jameis Winston,WinsJa00,00-0031503,QB,FROZEN_TASK04A_CROSSWALK,EXACT_HISTORICAL_NAME
Jared Goff,Jared Goff,GoffJa00,00-0033106,QB,FROZEN_TASK04A_CROSSWALK,EXACT_HISTORICAL_NAME
Jarrett Stidham,Jarrett Stidham,StidJa00,00-0035264,QB,FROZEN_TASK04A_CROSSWALK,EXACT_HISTORICAL_NAME
Jaxson Dart,Jaxson Dart,DartJa00,00-0040691,QB,NFLVERSE_PLAYERS_2026_08_29,EXACT_DISPLAY_OR_FOOTBALL_NAME_QB
Jayden Daniels,Jayden Daniels,DaniJa02,00-0039910,QB,FROZEN_TASK04A_CROSSWALK,EXACT_HISTORICAL_NAME
Joe Burrow,Joe Burrow,BurrJo01,00-0036442,QB,FROZEN_TASK04A_CROSSWALK,EXACT_HISTORICAL_NAME
Joe Flacco,Joe Flacco,FlacJo00,00-0026158,QB,FROZEN_TASK04A_CROSSWALK,EXACT_HISTORICAL_NAME
Jordan Love,Jordan Love,LoveJo03,00-0036264,QB,FROZEN_TASK04A_CROSSWALK,EXACT_HISTORICAL_NAME
Josh Allen,Josh Allen,AlleJo02,00-0034857,QB,FROZEN_TASK04A_CROSSWALK,EXACT_HISTORICAL_NAME
Josh Johnson,Josh Johnson,JohnJo05,00-0026300,QB,FROZEN_TASK04A_CROSSWALK,EXACT_HISTORICAL_NAME
Justin Fields,Justin Fields,FielJu00,00-0036945,QB,FROZEN_TASK04A_CROSSWALK,EXACT_HISTORICAL_NAME
Justin Herbert,Justin Herbert,HerbJu00,00-0036355,QB,FROZEN_TASK04A_CROSSWALK,EXACT_HISTORICAL_NAME
Kenny Pickett,Kenny Pickett,PickKe00,00-0038102,QB,FROZEN_TASK04A_CROSSWALK,EXACT_HISTORICAL_NAME
Kirk Cousins,Kirk Cousins,CousKi00,00-0029604,QB,FROZEN_TASK04A_CROSSWALK,EXACT_HISTORICAL_NAME
Kyler Murray,Kyler Murray,MurrKy00,00-0035228,QB,FROZEN_TASK04A_CROSSWALK,EXACT_HISTORICAL_NAME
Lamar Jackson,Lamar Jackson,JackLa00,00-0034796,QB,FROZEN_TASK04A_CROSSWALK,EXACT_HISTORICAL_NAME
Mac Jones,Mac Jones,JoneMa05,00-0036972,QB,FROZEN_TASK04A_CROSSWALK,EXACT_HISTORICAL_NAME
Malik Willis,Malik Willis,WillMa12,00-0038128,QB,FROZEN_TASK04A_CROSSWALK,EXACT_HISTORICAL_NAME
Marcus Mariota,Marcus Mariota,MariMa01,00-0032268,QB,FROZEN_TASK04A_CROSSWALK,EXACT_HISTORICAL_NAME
Mason Rudolph,Mason Rudolph,RudoMa00,00-0034771,QB,FROZEN_TASK04A_CROSSWALK,EXACT_HISTORICAL_NAME
Matthew Stafford,Matthew Stafford,StafMa00,00-0026498,QB,FROZEN_TASK04A_CROSSWALK,EXACT_HISTORICAL_NAME
Max Brosmer,Max Brosmer,BrosMa00,00-0040494,QB,NFLVERSE_PLAYERS_2026_08_29,EXACT_DISPLAY_OR_FOOTBALL_NAME_QB
Michael Penix,Michael Penix Jr.,PeniMi00,00-0039917,QB,FROZEN_TASK04A_CROSSWALK,EXPLICIT_HISTORICAL_ALIAS:Michael Penix->Michael Penix Jr.
Patrick Mahomes,Patrick Mahomes,MahoPa00,00-0033873,QB,FROZEN_TASK04A_CROSSWALK,EXACT_HISTORICAL_NAME
Philip Rivers,Philip Rivers,RivePh00,00-0022942,QB,FROZEN_TASK04A_CROSSWALK,EXACT_HISTORICAL_NAME
Quinn Ewers,Quinn Ewers,EwerQu00,00-0040234,QB,NFLVERSE_PLAYERS_2026_08_29,EXACT_DISPLAY_OR_FOOTBALL_NAME_QB
Riley Leonard,Riley Leonard,LeonRi02,00-0040206,QB,NFLVERSE_PLAYERS_2026_08_29,EXACT_DISPLAY_OR_FOOTBALL_NAME_QB
Russell Wilson,Russell Wilson,WilsRu00,00-0029263,QB,FROZEN_TASK04A_CROSSWALK,EXACT_HISTORICAL_NAME
Sam Darnold,Sam Darnold,DarnSa00,00-0034869,QB,FROZEN_TASK04A_CROSSWALK,EXACT_HISTORICAL_NAME
Shedeur Sanders,Shedeur Sanders,SandSh00,00-0040668,QB,NFLVERSE_PLAYERS_2026_08_29,EXACT_DISPLAY_OR_FOOTBALL_NAME_QB
Spencer Rattler,Spencer Rattler,RattSp00,00-0039376,QB,FROZEN_TASK04A_CROSSWALK,EXACT_HISTORICAL_NAME
Tanner McKee,Tanner McKee,McKeTa01,00-0038400,QB,FROZEN_TASK04A_CROSSWALK,EXACT_HISTORICAL_NAME
Trevor Lawrence,Trevor Lawrence,LawrTr00,00-0036971,QB,FROZEN_TASK04A_CROSSWALK,EXACT_HISTORICAL_NAME
Trey Lance,Trey Lance,LancTr00,00-0037012,QB,FROZEN_TASK04A_CROSSWALK,EXACT_HISTORICAL_NAME
Tua Tagovailoa,Tua Tagovailoa,TagoTu00,00-0036212,QB,FROZEN_TASK04A_CROSSWALK,EXACT_HISTORICAL_NAME
Tyler Huntley,Tyler Huntley,HuntTy01,00-0035993,QB,FROZEN_TASK04A_CROSSWALK,EXACT_HISTORICAL_NAME
Tyler Shough,Tyler Shough,ShouTy00,00-0040743,QB,NFLVERSE_PLAYERS_2026_08_29,EXACT_DISPLAY_OR_FOOTBALL_NAME_QB
Tyrod Taylor,Tyrod Taylor,TaylTy00,00-0028118,QB,FROZEN_TASK04A_CROSSWALK,EXACT_HISTORICAL_NAME
