family,model,bucket,N,wins,losses,pushes,hit_rate,avg_american,avg_decimal,avg_breakeven,exp_wins,realized_minus_exp,hr_minus_be,profit,roi,avg_implied_ev,unique_weeks,longest_losing_streak,max_drawdown,worst_rolling10,boot_point_roi,boot_2p5,boot_97p5,boot_p_pos,largest_season_share,largest_sel_team_share,per_season,status
ML_QBELO_DISAGREEMENT,QB_ELO,0-2,132,57,74,1,0.4318,27.96,2.8377,0.4735,62.5,-5.5,-0.0416,6.51,0.0493,0.0023,55,7,8.27,-7.3,0.0493,-0.2212,0.346,0.634,0.3333,0.0606,"{""2020"": {""N"": 44, ""hit_rate"": 0.3864, ""profit"": -0.34, ""roi"": -0.0077}, ""2021"": {""N"": 44, ""hit_rate"": 0.5227, ""profit"": 13.05, ""roi"": 0.2965}, ""2022"": {""N"": 44, ""hit_rate"": 0.3864, ""profit"": -6.2, ""roi"": -0.1408}}",DISCOVERY_NEGATIVE
ML_QBELO_DISAGREEMENT,QB_ELO,2-4,122,56,65,1,0.459,-8.48,2.4402,0.5079,61.97,-5.97,-0.0489,-14.33,-0.1175,0.0466,54,6,20.2,-7.55,-0.1175,-0.322,0.0987,0.1322,0.3525,0.0574,"{""2020"": {""N"": 40, ""hit_rate"": 0.4, ""profit"": -10.97, ""roi"": -0.2743}, ""2021"": {""N"": 43, ""hit_rate"": 0.4186, ""profit"": -5.75, ""roi"": -0.1338}, ""2022"": {""N"": 39, ""hit_rate"": 0.5641, ""profit"": 2.39, ""roi"": 0.0613}}",DISCOVERY_NEGATIVE
ML_QBELO_DISAGREEMENT,QB_ELO,4-8,214,94,120,0,0.4393,57.83,2.7465,0.4567,97.73,-3.73,-0.0174,-21.6,-0.1009,0.1328,60,7,31.1,-8.75,-0.1009,-0.2519,0.0612,0.1036,0.3458,0.0561,"{""2020"": {""N"": 71, ""hit_rate"": 0.4648, ""profit"": -2.29, ""roi"": -0.0323}, ""2021"": {""N"": 69, ""hit_rate"": 0.4058, ""profit"": -7.6, ""roi"": -0.1101}, ""2022"": {""N"": 74, ""hit_rate"": 0.4459, ""profit"": -11.71, ""roi"": -0.1582}}",DISCOVERY_NEGATIVE
ML_QBELO_DISAGREEMENT,QB_ELO,8-12,181,70,110,1,0.3867,123.09,2.9694,0.4181,75.67,-5.67,-0.0313,-9.9,-0.0547,0.2674,56,8,16.97,-8.46,-0.0547,-0.2446,0.1466,0.2886,0.3481,0.0663,"{""2020"": {""N"": 63, ""hit_rate"": 0.381, ""profit"": -6.92, ""roi"": -0.1098}, ""2021"": {""N"": 60, ""hit_rate"": 0.4, ""profit"": 1.89, ""roi"": 0.0315}, ""2022"": {""N"": 58, ""hit_rate"": 0.3793, ""profit"": -4.87, ""roi"": -0.084}}",DISCOVERY_NEGATIVE
ML_QBELO_DISAGREEMENT,QB_ELO,12+,189,64,124,1,0.3386,157.79,3.0257,0.3851,72.78,-8.78,-0.0465,-30.04,-0.1589,0.5282,57,8,36.53,-7.94,-0.1589,-0.3317,0.0237,0.0422,0.3651,0.0899,"{""2020"": {""N"": 51, ""hit_rate"": 0.3333, ""profit"": -13.46, ""roi"": -0.2639}, ""2021"": {""N"": 69, ""hit_rate"": 0.3333, ""profit"": -7.44, ""roi"": -0.1079}, ""2022"": {""N"": 69, ""hit_rate"": 0.3478, ""profit"": -9.14, ""roi"": -0.1324}}",DISCOVERY_NEGATIVE
ML_QBELO_DISAGREEMENT,QB_ELO,ALL,838,341,493,4,0.4069,80.11,2.8274,0.4423,370.64,-29.64,-0.0354,-69.36,-0.0828,0.2179,65,8,79.32,-8.86,-0.0828,-0.1687,0.0091,0.0374,0.3401,0.0477,"{""2020"": {""N"": 269, ""hit_rate"": 0.3978, ""profit"": -33.98, ""roi"": -0.1263}, ""2021"": {""N"": 285, ""hit_rate"": 0.407, ""profit"": -5.86, ""roi"": -0.0206}, ""2022"": {""N"": 284, ""hit_rate"": 0.4155, ""profit"": -29.52, ""roi"": -0.1039}}",DISCOVERY_NEGATIVE
ML_XGB_DISAGREEMENT,XGB,0-2,83,36,47,0,0.4337,12.01,2.4368,0.5042,41.85,-5.85,-0.0705,-16.31,-0.1965,-0.0065,43,6,19.67,-6.47,-0.1965,-0.3905,-0.0038,0.023,0.3494,0.0723,"{""2020"": {""N"": 29, ""hit_rate"": 0.4828, ""profit"": 0.5, ""roi"": 0.0174}, ""2021"": {""N"": 25, ""hit_rate"": 0.4, ""profit"": -8.24, ""roi"": -0.3295}, ""2022"": {""N"": 29, ""hit_rate"": 0.4138, ""profit"": -8.58, ""roi"": -0.2957}}",DISCOVERY_NEGATIVE
ML_XGB_DISAGREEMENT,XGB,2-4,70,26,44,0,0.3714,103.87,2.8604,0.4353,30.47,-4.47,-0.0638,-10.96,-0.1566,0.06,38,7,14.08,-8.69,-0.1566,-0.4523,0.1815,0.1664,0.3857,0.1,"{""2020"": {""N"": 24, ""hit_rate"": 0.3333, ""profit"": -6.91, ""roi"": -0.2881}, ""2021"": {""N"": 27, ""hit_rate"": 0.4444, ""profit"": 3.92, ""roi"": 0.1452}, ""2022"": {""N"": 19, ""hit_rate"": 0.3158, ""profit"": -7.97, ""roi"": -0.4193}}",DISCOVERY_NEGATIVE
ML_XGB_DISAGREEMENT,XGB,4-8,168,73,95,0,0.4345,110.32,2.7401,0.4278,71.87,1.13,0.0067,4.31,0.0256,0.1344,49,6,8.87,-6.75,0.0256,-0.1482,0.203,0.6096,0.381,0.0714,"{""2020"": {""N"": 43, ""hit_rate"": 0.4651, ""profit"": 3.66, ""roi"": 0.0851}, ""2021"": {""N"": 61, ""hit_rate"": 0.4098, ""profit"": 2.22, ""roi"": 0.0364}, ""2022"": {""N"": 64, ""hit_rate"": 0.4375, ""profit"": -1.57, ""roi"": -0.0246}}",DISCOVERY_POSITIVE
ML_XGB_DISAGREEMENT,XGB,8-12,125,47,76,2,0.376,151.58,3.0079,0.3939,49.24,-2.24,-0.0179,-14.42,-0.1153,0.2669,45,9,24.77,-8.47,-0.1153,-0.3122,0.071,0.1176,0.44,0.072,"{""2020"": {""N"": 42, ""hit_rate"": 0.4524, ""profit"": 1.96, ""roi"": 0.0466}, ""2021"": {""N"": 55, ""hit_rate"": 0.3273, ""profit"": -10.77, ""roi"": -0.1959}, ""2022"": {""N"": 28, ""hit_rate"": 0.3571, ""profit"": -5.6, ""roi"": -0.2}}",DISCOVERY_NEGATIVE
ML_XGB_DISAGREEMENT,XGB,12+,287,84,202,1,0.2927,252.66,3.7353,0.3176,91.15,-7.15,-0.0249,-19.68,-0.0686,0.7043,53,13,33.34,-10.0,-0.0686,-0.2802,0.1571,0.2654,0.3798,0.0627,"{""2020"": {""N"": 96, ""hit_rate"": 0.25, ""profit"": -18.95, ""roi"": -0.1974}, ""2021"": {""N"": 82, ""hit_rate"": 0.3415, ""profit"": 12.14, ""roi"": 0.148}, ""2022"": {""N"": 109, ""hit_rate"": 0.2936, ""profit"": -12.88, ""roi"": -0.1181}}",DISCOVERY_NEGATIVE
ML_XGB_DISAGREEMENT,XGB,ALL,733,266,464,3,0.3629,161.34,3.1526,0.3883,284.59,-18.59,-0.0254,-57.06,-0.0778,0.3571,53,13,58.11,-10.0,-0.0778,-0.1659,0.0119,0.0486,0.3411,0.0505,"{""2020"": {""N"": 234, ""hit_rate"": 0.3632, ""profit"": -19.74, ""roi"": -0.0844}, ""2021"": {""N"": 250, ""hit_rate"": 0.372, ""profit"": -0.73, ""roi"": -0.0029}, ""2022"": {""N"": 249, ""hit_rate"": 0.3534, ""profit"": -36.59, ""roi"": -0.147}}",DISCOVERY_NEGATIVE
ML_AVG_DISAGREEMENT,AVG,0-2,136,75,61,0,0.5515,33.69,2.519,0.484,65.83,9.17,0.0675,21.0,0.1544,0.002,56,5,9.29,-5.39,0.1544,-0.0562,0.3626,0.9274,0.375,0.0662,"{""2020"": {""N"": 42, ""hit_rate"": 0.5476, ""profit"": 6.05, ""roi"": 0.1441}, ""2021"": {""N"": 43, ""hit_rate"": 0.5116, ""profit"": 8.02, ""roi"": 0.1865}, ""2022"": {""N"": 51, ""hit_rate"": 0.5882, ""profit"": 6.93, ""roi"": 0.1358}}",DISCOVERY_POSITIVE
ML_AVG_DISAGREEMENT,AVG,2-4,111,54,55,2,0.4865,36.98,2.5205,0.4748,52.7,1.3,0.0117,4.87,0.0438,0.0477,48,4,10.0,-5.96,0.0438,-0.1477,0.2259,0.674,0.4324,0.0631,"{""2020"": {""N"": 35, ""hit_rate"": 0.5143, ""profit"": 2.28, ""roi"": 0.0652}, ""2021"": {""N"": 48, ""hit_rate"": 0.5208, ""profit"": 9.43, ""roi"": 0.1966}, ""2022"": {""N"": 28, ""hit_rate"": 0.3929, ""profit"": -6.85, ""roi"": -0.2447}}",DISCOVERY_POSITIVE
ML_AVG_DISAGREEMENT,AVG,4-8,208,78,130,0,0.375,136.23,3.0455,0.4093,85.14,-7.14,-0.0343,-17.57,-0.0845,0.158,58,7,26.51,-8.56,-0.0845,-0.2676,0.106,0.1818,0.3846,0.0577,"{""2020"": {""N"": 80, ""hit_rate"": 0.3875, ""profit"": -14.79, ""roi"": -0.1848}, ""2021"": {""N"": 70, ""hit_rate"": 0.4, ""profit"": 12.58, ""roi"": 0.1797}, ""2022"": {""N"": 58, ""hit_rate"": 0.3276, ""profit"": -15.36, ""roi"": -0.2648}}",DISCOVERY_NEGATIVE
ML_AVG_DISAGREEMENT,AVG,8-12,169,57,110,2,0.3373,172.98,3.1436,0.3769,63.7,-6.7,-0.0396,-18.02,-0.1066,0.2831,55,12,26.93,-10.0,-0.1066,-0.3211,0.1377,0.1812,0.4083,0.071,"{""2020"": {""N"": 44, ""hit_rate"": 0.3636, ""profit"": 2.22, ""roi"": 0.0504}, ""2021"": {""N"": 56, ""hit_rate"": 0.2679, ""profit"": -15.26, ""roi"": -0.2725}, ""2022"": {""N"": 69, ""hit_rate"": 0.3768, ""profit"": -4.98, ""roi"": -0.0721}}",DISCOVERY_NEGATIVE
ML_AVG_DISAGREEMENT,AVG,12+,214,64,150,0,0.2991,250.73,3.6505,0.3173,67.89,-3.89,-0.0182,-19.22,-0.0898,0.5942,57,12,26.48,-10.0,-0.0898,-0.3008,0.1282,0.1996,0.3645,0.0794,"{""2020"": {""N"": 68, ""hit_rate"": 0.2647, ""profit"": -13.39, ""roi"": -0.1969}, ""2021"": {""N"": 68, ""hit_rate"": 0.3235, ""profit"": -2.92, ""roi"": -0.0429}, ""2022"": {""N"": 78, ""hit_rate"": 0.3077, ""profit"": -2.91, ""roi"": -0.0373}}",DISCOVERY_NEGATIVE
ML_AVG_DISAGREEMENT,AVG,ALL,838,328,506,4,0.3914,143.09,3.0648,0.4001,335.26,-7.26,-0.0087,-28.94,-0.0345,0.2547,65,9,39.24,-8.76,-0.0345,-0.1223,0.0509,0.202,0.3401,0.0477,"{""2020"": {""N"": 269, ""hit_rate"": 0.3941, ""profit"": -17.62, ""roi"": -0.0655}, ""2021"": {""N"": 285, ""hit_rate"": 0.393, ""profit"": 11.85, ""roi"": 0.0416}, ""2022"": {""N"": 284, ""hit_rate"": 0.3873, ""profit"": -23.17, ""roi"": -0.0816}}",DISCOVERY_NEGATIVE
ML_CORROBORATED_DISAGREEMENT,CORROB,0-2,14,6,8,0,0.4286,221.29,3.5389,0.3699,5.18,0.82,0.0586,5.26,0.376,0.0093,12,4,4.0,3.8,0.376,-0.5579,1.71,0.736,0.4286,0.1429,"{""2020"": {""N"": 3, ""hit_rate"": 0.3333, ""profit"": -0.72, ""roi"": -0.24}, ""2021"": {""N"": 6, ""hit_rate"": 0.5, ""profit"": 7.8, ""roi"": 1.3}, ""2022"": {""N"": 5, ""hit_rate"": 0.4, ""profit"": -1.82, ""roi"": -0.3631}}",DISCOVERY_LIMITED_SAMPLE
ML_CORROBORATED_DISAGREEMENT,CORROB,2-4,34,14,20,0,0.4118,109.91,2.9077,0.4282,14.56,-0.56,-0.0164,-4.62,-0.1359,0.0644,29,5,9.58,-7.68,-0.1359,-0.5076,0.2486,0.2426,0.3529,0.1176,"{""2020"": {""N"": 10, ""hit_rate"": 0.6, ""profit"": 3.36, ""roi"": 0.3362}, ""2021"": {""N"": 12, ""hit_rate"": 0.25, ""profit"": -6.08, ""roi"": -0.5066}, ""2022"": {""N"": 12, ""hit_rate"": 0.4167, ""profit"": -1.9, ""roi"": -0.1585}}",DISCOVERY_NEGATIVE
ML_CORROBORATED_DISAGREEMENT,CORROB,4-8,124,45,79,0,0.3629,142.11,3.143,0.4106,50.92,-5.92,-0.0477,-13.12,-0.1058,0.1648,47,9,23.08,-8.31,-0.1058,-0.3411,0.162,0.1984,0.4274,0.0806,"{""2020"": {""N"": 53, ""hit_rate"": 0.3396, ""profit"": -15.77, ""roi"": -0.2975}, ""2021"": {""N"": 42, ""hit_rate"": 0.4048, ""profit"": 7.34, ""roi"": 0.1747}, ""2022"": {""N"": 29, ""hit_rate"": 0.3448, ""profit"": -4.69, ""roi"": -0.1618}}",DISCOVERY_NEGATIVE
ML_CORROBORATED_DISAGREEMENT,CORROB,8-12,115,38,76,1,0.3304,180.63,3.1552,0.3727,42.86,-4.86,-0.0423,-12.2,-0.1061,0.2853,48,10,23.57,-10.0,-0.1061,-0.3701,0.1955,0.2238,0.3826,0.0783,"{""2020"": {""N"": 32, ""hit_rate"": 0.4062, ""profit"": 6.66, ""roi"": 0.2082}, ""2021"": {""N"": 39, ""hit_rate"": 0.2308, ""profit"": -14.24, ""roi"": -0.3651}, ""2022"": {""N"": 44, ""hit_rate"": 0.3636, ""profit"": -4.63, ""roi"": -0.1051}}",DISCOVERY_NEGATIVE
ML_CORROBORATED_DISAGREEMENT,CORROB,12+,190,53,137,0,0.2789,254.4,3.677,0.3142,59.7,-6.7,-0.0353,-28.71,-0.1511,0.5916,49,12,28.71,-10.0,-0.1511,-0.3587,0.0639,0.0846,0.3632,0.0842,"{""2020"": {""N"": 59, ""hit_rate"": 0.2203, ""profit"": -19.63, ""roi"": -0.3327}, ""2021"": {""N"": 62, ""hit_rate"": 0.3387, ""profit"": 0.48, ""roi"": 0.0077}, ""2022"": {""N"": 69, ""hit_rate"": 0.2754, ""profit"": -9.56, ""roi"": -0.1386}}",DISCOVERY_NEGATIVE
ML_CORROBORATED_DISAGREEMENT,CORROB,ALL,477,156,320,1,0.327,196.16,3.3535,0.3631,173.21,-17.21,-0.0361,-53.39,-0.1119,0.3522,53,10,55.44,-10.0,-0.1119,-0.2371,0.0196,0.0428,0.3375,0.0566,"{""2020"": {""N"": 157, ""hit_rate"": 0.3248, ""profit"": -26.09, ""roi"": -0.1662}, ""2021"": {""N"": 161, ""hit_rate"": 0.3292, ""profit"": -4.7, ""roi"": -0.0292}, ""2022"": {""N"": 159, ""hit_rate"": 0.327, ""profit"": -22.6, ""roi"": -0.1421}}",DISCOVERY_NEGATIVE
ML_DOG_VALUE_ZONE,QB_ELO,ZONE,115,54,60,1,0.4696,150.87,2.5087,0.4024,46.27,7.73,0.0672,21.93,0.1907,0.1449,51,4,4.16,-2.98,0.1907,-0.0245,0.4037,0.958,0.4,0.0783,"{""2020"": {""N"": 27, ""hit_rate"": 0.4444, ""profit"": 2.98, ""roi"": 0.1104}, ""2021"": {""N"": 42, ""hit_rate"": 0.5238, ""profit"": 12.3, ""roi"": 0.2929}, ""2022"": {""N"": 46, ""hit_rate"": 0.4348, ""profit"": 6.65, ""roi"": 0.1446}}",DISCOVERY_POSITIVE
ML_DOG_VALUE_ZONE,XGB,ZONE,130,60,70,0,0.4615,149.88,2.4988,0.4034,52.44,7.56,0.0582,19.29,0.1484,0.1387,48,6,6.0,-4.88,0.1484,-0.0478,0.3236,0.9344,0.3846,0.0615,"{""2020"": {""N"": 32, ""hit_rate"": 0.4688, ""profit"": 6.66, ""roi"": 0.2081}, ""2021"": {""N"": 50, ""hit_rate"": 0.5, ""profit"": 11.46, ""roi"": 0.2292}, ""2022"": {""N"": 48, ""hit_rate"": 0.4167, ""profit"": 1.17, ""roi"": 0.0244}}",DISCOVERY_POSITIVE
ML_DOG_VALUE_ZONE,AVG,ZONE,149,74,75,0,0.4966,152.42,2.5242,0.3994,59.51,14.49,0.0972,37.55,0.252,0.1413,54,5,6.75,-5.53,0.252,0.0758,0.4328,0.997,0.3758,0.0537,"{""2020"": {""N"": 40, ""hit_rate"": 0.55, ""profit"": 13.71, ""roi"": 0.3427}, ""2021"": {""N"": 56, ""hit_rate"": 0.5357, ""profit"": 20.36, ""roi"": 0.3636}, ""2022"": {""N"": 53, ""hit_rate"": 0.4151, ""profit"": 3.48, ""roi"": 0.0657}}",DISCOVERY_POSITIVE
ML_DOG_VALUE_ZONE,CORROB,ZONE,85,42,43,0,0.4941,158.19,2.5819,0.3905,33.2,8.8,0.1036,23.86,0.2807,0.183,39,6,6.0,-2.81,0.2807,0.0141,0.5485,0.9806,0.3647,0.0588,"{""2020"": {""N"": 24, ""hit_rate"": 0.5833, ""profit"": 11.96, ""roi"": 0.4983}, ""2021"": {""N"": 31, ""hit_rate"": 0.4839, ""profit"": 7.4, ""roi"": 0.2387}, ""2022"": {""N"": 30, ""hit_rate"": 0.4333, ""profit"": 4.5, ""roi"": 0.15}}",DISCOVERY_POSITIVE
ML_DOG_VALUE_ZONE,ALL_MODELS,ZONE,394,188,205,1,0.4772,151.13,2.5113,0.4016,158.22,29.78,0.0756,78.77,0.1999,0.1415,58,11,13.06,-10.0,0.1999,0.0493,0.3556,0.9944,0.3756,0.0558,"{""2020"": {""N"": 99, ""hit_rate"": 0.4949, ""profit"": 23.35, ""roi"": 0.2359}, ""2021"": {""N"": 148, ""hit_rate"": 0.5203, ""profit"": 44.12, ""roi"": 0.2981}, ""2022"": {""N"": 147, ""hit_rate"": 0.4218, ""profit"": 11.3, ""roi"": 0.0769}}",DISCOVERY_POSITIVE
LONG_DOG_201+_CONTEXT,QB_ELO,LONG201+,275,48,226,1,0.1745,355.94,4.5594,0.2402,66.07,-18.07,-0.0657,-65.4,-0.2378,0.3961,58,18,71.1,-10.0,-0.2378,-0.4436,-0.0249,0.0156,0.3673,0.0873,"{""2020"": {""N"": 97, ""hit_rate"": 0.1443, ""profit"": -35.05, ""roi"": -0.3613}, ""2021"": {""N"": 101, ""hit_rate"": 0.198, ""profit"": -11.3, ""roi"": -0.1119}, ""2022"": {""N"": 77, ""hit_rate"": 0.1818, ""profit"": -19.05, ""roi"": -0.2474}}",DISCOVERY_NEGATIVE
LONG_DOG_201+_CONTEXT,XGB,LONG201+,292,50,240,2,0.1712,366.14,4.6614,0.2358,68.85,-18.85,-0.0646,-72.0,-0.2466,0.6544,52,23,74.45,-10.0,-0.2466,-0.437,-0.0461,0.0066,0.3699,0.0788,"{""2020"": {""N"": 100, ""hit_rate"": 0.15, ""profit"": -29.65, ""roi"": -0.2965}, ""2021"": {""N"": 108, ""hit_rate"": 0.2037, ""profit"": -12.3, ""roi"": -0.1139}, ""2022"": {""N"": 84, ""hit_rate"": 0.1548, ""profit"": -30.05, ""roi"": -0.3577}}",DISCOVERY_NEGATIVE
LONG_DOG_201+_CONTEXT,AVG,LONG201+,322,59,261,2,0.1832,358.75,4.5875,0.2389,76.92,-17.92,-0.0556,-66.85,-0.2076,0.4678,58,21,72.55,-10.0,-0.2076,-0.3762,-0.0295,0.0102,0.3665,0.0839,"{""2020"": {""N"": 109, ""hit_rate"": 0.156, ""profit"": -30.8, ""roi"": -0.2826}, ""2021"": {""N"": 118, ""hit_rate"": 0.2119, ""profit"": -9.65, ""roi"": -0.0818}, ""2022"": {""N"": 95, ""hit_rate"": 0.1789, ""profit"": -26.4, ""roi"": -0.2779}}",DISCOVERY_NEGATIVE
SPREAD_DISAGREEMENT,EXPECTED_MARGIN,0-1,109,60,47,2,0.5505,-94.61,1.932,0.5178,56.44,3.56,0.0327,8.7,0.0798,,52,5,7.8,-4.31,0.0798,-0.1147,0.2716,0.7984,0.422,0.0642,"{""2020"": {""N"": 29, ""hit_rate"": 0.4138, ""profit"": -4.75, ""roi"": -0.1638}, ""2021"": {""N"": 34, ""hit_rate"": 0.6176, ""profit"": 6.45, ""roi"": 0.1897}, ""2022"": {""N"": 46, ""hit_rate"": 0.587, ""profit"": 7.0, ""roi"": 0.1522}}",DISCOVERY_POSITIVE
SPREAD_DISAGREEMENT,EXPECTED_MARGIN,1-2,135,74,59,2,0.5481,-94.28,1.9306,0.5182,69.95,4.05,0.03,9.75,0.0722,,50,7,10.63,-6.14,0.0722,-0.094,0.2374,0.7948,0.363,0.0667,"{""2020"": {""N"": 43, ""hit_rate"": 0.5581, ""profit"": 3.12, ""roi"": 0.0725}, ""2021"": {""N"": 43, ""hit_rate"": 0.4884, ""profit"": -2.39, ""roi"": -0.0555}, ""2022"": {""N"": 49, ""hit_rate"": 0.5918, ""profit"": 9.01, ""roi"": 0.184}}",DISCOVERY_POSITIVE
SPREAD_DISAGREEMENT,EXPECTED_MARGIN,2-3,117,67,48,2,0.5726,-101.12,1.9273,0.519,60.72,6.28,0.0537,14.02,0.1198,,51,6,8.73,-6.14,0.1198,-0.0555,0.2861,0.9124,0.3504,0.094,"{""2020"": {""N"": 40, ""hit_rate"": 0.6, ""profit"": 7.2, ""roi"": 0.1801}, ""2021"": {""N"": 41, ""hit_rate"": 0.5122, ""profit"": -0.65, ""roi"": -0.0159}, ""2022"": {""N"": 36, ""hit_rate"": 0.6111, ""profit"": 7.47, ""roi"": 0.2075}}",DISCOVERY_POSITIVE
SPREAD_DISAGREEMENT,EXPECTED_MARGIN,3-4,106,61,44,1,0.5755,-94.15,1.9328,0.5176,54.86,6.14,0.0579,13.02,0.1228,,54,4,6.2,-5.15,0.1228,-0.0412,0.279,0.9336,0.4057,0.0849,"{""2020"": {""N"": 33, ""hit_rate"": 0.5152, ""profit"": 1.01, ""roi"": 0.0306}, ""2021"": {""N"": 43, ""hit_rate"": 0.5814, ""profit"": 5.04, ""roi"": 0.1171}, ""2022"": {""N"": 30, ""hit_rate"": 0.6333, ""profit"": 6.98, ""roi"": 0.2326}}",DISCOVERY_POSITIVE
SPREAD_DISAGREEMENT,EXPECTED_MARGIN,4+,371,171,191,9,0.4609,-103.4,1.9247,0.5197,192.8,-21.8,-0.0588,-32.88,-0.0886,,61,8,40.85,-8.09,-0.0886,-0.1879,0.0066,0.0346,0.3342,0.0728,"{""2020"": {""N"": 124, ""hit_rate"": 0.5081, ""profit"": 0.23, ""roi"": 0.0019}, ""2021"": {""N"": 124, ""hit_rate"": 0.3952, ""profit"": -27.95, ""roi"": -0.2254}, ""2022"": {""N"": 123, ""hit_rate"": 0.4797, ""profit"": -5.16, ""roi"": -0.0419}}",DISCOVERY_NEGATIVE
SPREAD_DISAGREEMENT,EXPECTED_MARGIN,ALL,838,433,389,16,0.5167,-99.3,1.928,0.5188,434.77,-1.77,-0.0021,12.61,0.015,,65,10,33.42,-10.0,0.015,-0.0471,0.078,0.6766,0.3401,0.0501,"{""2020"": {""N"": 269, ""hit_rate"": 0.5204, ""profit"": 6.81, ""roi"": 0.0253}, ""2021"": {""N"": 285, ""hit_rate"": 0.4807, ""profit"": -19.5, ""roi"": -0.0684}, ""2022"": {""N"": 284, ""hit_rate"": 0.5493, ""profit"": 25.3, ""roi"": 0.0891}}",DISCOVERY_NEGATIVE
TOTAL_R4_DISAGREEMENT,RIDGE_R4,0-1,192,101,90,1,0.526,-108.39,1.923,0.5201,99.85,1.15,0.006,3.32,0.0173,,58,10,17.3,-10.0,0.0173,-0.1281,0.1607,0.5896,0.3385,0.0677,"{""2020"": {""N"": 64, ""hit_rate"": 0.4062, ""profit"": -12.98, ""roi"": -0.2027}, ""2021"": {""N"": 63, ""hit_rate"": 0.619, ""profit"": 11.94, ""roi"": 0.1894}, ""2022"": {""N"": 65, ""hit_rate"": 0.5538, ""profit"": 4.36, ""roi"": 0.0671}}",DISCOVERY_POSITIVE
TOTAL_R4_DISAGREEMENT,RIDGE_R4,1-2,160,77,83,0,0.4813,-107.21,1.9224,0.5202,83.24,-6.24,-0.039,-11.89,-0.0743,,58,8,22.32,-8.06,-0.0743,-0.2328,0.0809,0.1656,0.3625,0.0625,"{""2020"": {""N"": 54, ""hit_rate"": 0.4259, ""profit"": -9.79, ""roi"": -0.1813}, ""2021"": {""N"": 58, ""hit_rate"": 0.4483, ""profit"": -8.01, ""roi"": -0.1381}, ""2022"": {""N"": 48, ""hit_rate"": 0.5833, ""profit"": 5.91, ""roi"": 0.1231}}",DISCOVERY_NEGATIVE
TOTAL_R4_DISAGREEMENT,RIDGE_R4,2-3,161,81,78,2,0.5031,-109.01,1.9177,0.5215,83.96,-2.96,-0.0184,-3.7,-0.023,,56,6,14.33,-6.2,-0.023,-0.1762,0.1316,0.382,0.3416,0.0683,"{""2020"": {""N"": 52, ""hit_rate"": 0.4231, ""profit"": -8.78, ""roi"": -0.1688}, ""2021"": {""N"": 55, ""hit_rate"": 0.5273, ""profit"": 1.54, ""roi"": 0.028}, ""2022"": {""N"": 54, ""hit_rate"": 0.5556, ""profit"": 3.54, ""roi"": 0.0655}}",DISCOVERY_NEGATIVE
TOTAL_R4_DISAGREEMENT,RIDGE_R4,3-4,129,68,59,2,0.5271,-108.43,1.9227,0.5202,67.1,0.9,0.007,3.83,0.0297,,53,6,8.79,-4.27,0.0297,-0.1366,0.1996,0.6514,0.3488,0.0775,"{""2020"": {""N"": 40, ""hit_rate"": 0.55, ""profit"": 2.24, ""roi"": 0.0561}, ""2021"": {""N"": 45, ""hit_rate"": 0.4667, ""profit"": -3.61, ""roi"": -0.0802}, ""2022"": {""N"": 44, ""hit_rate"": 0.5682, ""profit"": 5.2, ""roi"": 0.1181}}",DISCOVERY_POSITIVE
TOTAL_R4_DISAGREEMENT,RIDGE_R4,4+,196,102,94,0,0.5204,-108.48,1.9222,0.5203,101.98,0.02,0.0001,-0.09,-0.0005,,55,6,18.01,-8.09,-0.0005,-0.1548,0.1597,0.5052,0.3724,0.0612,"{""2020"": {""N"": 59, ""hit_rate"": 0.4915, ""profit"": -3.47, ""roi"": -0.0588}, ""2021"": {""N"": 64, ""hit_rate"": 0.6094, ""profit"": 10.88, ""roi"": 0.17}, ""2022"": {""N"": 73, ""hit_rate"": 0.4658, ""profit"": -7.5, ""roi"": -0.1027}}",DISCOVERY_NEGATIVE
TOTAL_R4_DISAGREEMENT,RIDGE_R4,ALL,838,429,404,5,0.5119,-108.31,1.9217,0.5204,436.13,-7.13,-0.0085,-8.53,-0.0102,,65,8,35.89,-9.0,-0.0102,-0.0735,0.0542,0.3784,0.3401,0.0346,"{""2020"": {""N"": 269, ""hit_rate"": 0.4535, ""profit"": -32.77, ""roi"": -0.1218}, ""2021"": {""N"": 285, ""hit_rate"": 0.5404, ""profit"": 12.74, ""roi"": 0.0447}, ""2022"": {""N"": 284, ""hit_rate"": 0.5387, ""profit"": 11.5, ""roi"": 0.0405}}",DISCOVERY_NEGATIVE
