bookmaker_key,market_key,median_age_h,max_age_h,min_age_h,n
draftkings,totals,0.016666666666666666,0.12583333333333332,0.0005555555555555556,2818
draftkings,spreads,0.016666666666666666,0.12583333333333332,0.0005555555555555556,2824
pinnacle,spreads,0.017499999999999998,0.2688888888888889,0.0002777777777777778,2816
fanduel,h2h,0.016944444444444443,0.12638888888888888,0.0002777777777777778,2794
pinnacle,h2h,0.017499999999999998,0.2688888888888889,0.0002777777777777778,2816
draftkings,h2h,0.016666666666666666,0.12583333333333332,0.0005555555555555556,2824
fanduel,spreads,0.016805555555555553,0.12638888888888888,0.0002777777777777778,2792
fanduel,totals,0.016944444444444443,0.12638888888888888,0.0002777777777777778,2810
pinnacle,totals,0.017499999999999998,0.2688888888888889,0.0002777777777777778,2816
