pfr_id,gsis_id,display_name,position
AlleBr00,00-0032434,Brandon Allen,QB
AlleJo02,00-0034857,Josh Allen,QB
AlleKy00,00-0034577,Kyle Allen,QB
AndeDe00,00-0023645,Derek Anderson,QB
BageTy00,00-0038416,Tyson Bagent,QB
BarkMa00,00-0030533,Matt Barkley,QB
BeatC.00,00-0033936,C.J. Beathard,QB
BlouDa00,00-0035040,David Blough,QB
BookIa00,00-0036929,Ian Book,QB
BortBl00,00-0031407,Blake Bortles,QB
BoylTi00,00-0034177,Tim Boyle,QB
BradSa00,00-0027854,Sam Bradford,QB
BradTo00,00-0019596,Tom Brady,QB
BreeDr00,00-0020531,Drew Brees,QB
BridTe00,00-0031237,Teddy Bridgewater,QB
BrisJa00,00-0033119,Jacoby Brissett,QB
BrowAn06,00-0037175,Anthony Brown,QB
BrowJa08,00-0035100,Jake Browning,QB
BurrJo01,00-0036442,Joe Burrow,QB
CarrDe02,00-0031280,Derek Carr,QB
CousKi00,00-0029604,Kirk Cousins,QB
DaltAn00,00-0027973,Andy Dalton,QB
DaniCh00,00-0026544,Chase Daniel,QB
DaniJa02,00-0039910,Jayden Daniels,QB
DarnSa00,00-0034869,Sam Darnold,QB
DeViTo00,00-0038476,Tommy DeVito,QB
DiNuBe00,00-0036384,Ben DiNucci,QB
DobbJo00,00-0033949,Joshua Dobbs,QB
DrisJe00,00-0032436,Jeff Driskel,QB
EhliSa00,00-0036879,Sam Ehlinger,QB
FalkLu00,00-0034412,Luke Falk,QB
FielJu00,00-0036945,Justin Fields,QB
FinlRy00,00-0035652,Ryan Finley,QB
FitzRy00,00-0023682,Ryan Fitzpatrick,QB
FlacJo00,00-0026158,Joe Flacco,QB
FoleNi00,00-0029567,Nick Foles,QB
FranFe00,00-0036825,Feleipe Franks,TE
FromJa00,00-0036197,Jake Fromm,QB
GabbBl00,00-0027948,Blaine Gabbert,QB
GaroJi00,00-0031345,Jimmy Garoppolo,QB
GilbGa01,00-0031395,Garrett Gilbert,QB
GlenMi00,00-0030520,Mike Glennon,QB
GoffJa00,00-0033106,Jared Goff,QB
GrieWi00,00-0035251,Will Grier,QB
GrifRo01,00-0029665,Robert Griffin III,QB
HaenJa00,00-0038998,Jake Haener,QB
HallJa00,00-0038598,Jaren Hall,QB
HaskDw00,00-0035232,Dwayne Haskins,QB
HeinTa00,00-0031800,Taylor Heinicke,QB
HennCh01,00-0026197,Chad Henne,QB
HerbJu00,00-0036355,Justin Herbert,QB
HillTa00,00-0033357,Taysom Hill,TE
HintKe00,00-0035864,Kendall Hinton,WR
HodgDe00,00-0035577,Devlin Hodges,QB
HoweSa00,00-0037077,Sam Howell,QB
HoyeBr00,00-0026625,Brian Hoyer,QB
HuntTy01,00-0035993,Tyler Huntley,QB
HurtJa00,00-0036389,Jalen Hurts,QB
JackLa00,00-0034796,Lamar Jackson,QB
JohnJo05,00-0026300,Josh Johnson,QB
JoneDa05,00-0035710,Daniel Jones,QB
JoneMa05,00-0036972,Mac Jones,QB
KeenCa00,00-0028986,Case Keenum,QB
KessCo00,00-0033104,Cody Kessler,QB
LancTr00,00-0037012,Trey Lance,QB
LawrTr00,00-0036971,Trevor Lawrence,QB
LeviWi00,00-0039152,Will Levis,QB
LockDr00,00-0035704,Drew Lock,QB
LoveJo03,00-0036264,Jordan Love,QB
LuckAn00,00-0029668,Andrew Luck,QB
LutoJa00,00-0036312,Jake Luton,QB
MahoPa00,00-0033873,Patrick Mahomes,QB
MannEl00,00-0022803,Eli Manning,QB
MannSe00,00-0032245,Sean Mannion,QB
MariMa01,00-0032268,Marcus Mariota,QB
MayeDr00,00-0039851,Drake Maye,QB
MayfBa00,00-0034855,Baker Mayfield,QB
McCaA.00,00-0031288,AJ McCarron,QB
McCoCo00,00-0027688,Colt McCoy,QB
McCoJo01,00-0021206,Josh McCown,QB
McKeTa01,00-0038400,Tanner McKee,QB
McSoTr00,00-0035146,Trace McSorley,QB
MillDa02,00-0036898,Davis Mills,QB
MinsGa00,00-0035289,Gardner Minshew,QB
MoorMa01,00-0025708,Matt Moore,QB
MullNi00,00-0033319,Nick Mullens,QB
MurrKy00,00-0035228,Kyler Murray,QB
NewtCa00,00-0027939,Cam Newton,QB
NixxBo00,00-0039732,Bo Nix,QB
OConAi00,00-0038579,Aidan O'Connell,QB
OsweBr00,00-0029682,Brock Osweiler,QB
PeniMi00,00-0039917,Michael Penix Jr.,QB
PerkBr02,00-0035939,Bryce Perkins,QB
PeteNa00,00-0033958,Nathan Peterman,QB
PickKe00,00-0038102,Kenny Pickett,QB
PresDa01,00-0033077,Dak Prescott,QB
PurdBr00,00-0037834,Brock Purdy,QB
RattSp00,00-0039376,Spencer Rattler,QB
RichAn03,00-0039164,Anthony Richardson,QB
RiddDe00,00-0038122,Desmond Ridder,QB
RivePh00,00-0022942,Philip Rivers,QB
RodgAa00,00-0023459,Aaron Rodgers,QB
RoetBe00,00-0022924,Ben Roethlisberger,QB
RoseJo01,00-0034343,Josh Rosen,QB
RudoMa00,00-0034771,Mason Rudolph,QB
RushCo00,00-0033662,Cooper Rush,QB
RyanMa00,00-0026143,Matt Ryan,QB
RypiBr00,00-0034955,Brett Rypien,QB
SancMa00,00-0026898,Mark Sanchez,QB
SchaMa00,00-0022787,Matt Schaub,QB
SiemTr00,00-0032156,Trevor Siemian,QB
SmitAl03,00-0023436,Alex Smith,QB
SmitGe00,00-0030565,Geno Smith,QB
StafMa00,00-0026498,Matthew Stafford,QB
SticEa00,00-0035282,Easton Stick,QB
StidJa00,00-0035264,Jarrett Stidham,QB
StreCh00,00-0035752,Chris Streveler,QB
StroCJ00,00-0039163,C.J. Stroud,QB
TagoTu00,00-0036212,Tua Tagovailoa,QB
TannRy00,00-0029701,Ryan Tannehill,QB
TaylTy00,00-0028118,Tyrod Taylor,QB
ThomDo02,00-0038583,Dorian Thompson-Robinson,QB
ThomSk00,00-0037327,Skylar Thompson,QB
TrubMi00,00-0033869,Mitchell Trubisky,QB
TuneCl00,00-0038582,Clayton Tune,QB
WalkPh00,00-0033275,PJ Walker,QB
WatsDe00,00-0033537,Deshaun Watson,QB
WebbDa00,00-0033550,Davis Webb,QB
WentCa00,00-0032950,Carson Wentz,QB
WhitMi01,00-0034401,Mike White,QB
WillCa03,00-0039918,Caleb Williams,QB
WillMa12,00-0038128,Malik Willis,QB
WilsRu00,00-0029263,Russell Wilson,QB
WilsZa00,00-0037013,Zach Wilson,QB
WinsJa00,00-0031503,Jameis Winston,QB
WolfJo00,00-0034899,John Wolford,QB
YounBr01,00-0039150,Bryce Young,QB
ZappBa00,00-0038108,Bailey Zappe,QB
