season,week,cum_profit,cum_wins,cum_roi,n
2020,003,1.52,1,1.52,1
2020,004,2.95,2,1.475,2
2020,004,1.95,2,0.65,3
2020,004,3.55,3,0.8875,4
2020,004,5.05,4,1.01,5
2020,005,6.25,5,1.0417,6
2020,006,5.25,5,0.75,7
2020,006,6.45,6,0.8063,8
2020,006,7.63,7,0.8478,9
2020,007,6.63,7,0.663,10
2020,007,8.29,8,0.7536,11
2020,007,9.67,9,0.8058,12
2020,007,8.67,9,0.6669,13
2020,008,7.67,9,0.5479,14
2020,008,9.13,10,0.6087,15
2020,009,8.13,10,0.5081,16
2020,009,9.61,11,0.5653,17
2020,009,11.07,12,0.615,18
2020,010,10.07,12,0.53,19
2020,010,9.07,12,0.4535,20
2020,010,11.07,13,0.5271,21
2020,010,10.07,13,0.4577,22
2020,011,9.07,13,0.3943,23
2020,011,10.87,14,0.4529,24
2020,011,12.09,15,0.4836,25
2020,012,11.09,15,0.4265,26
2020,012,12.64,16,0.4681,27
2020,012,13.92,17,0.4971,28
2020,012,15.22,18,0.5248,29
2020,013,14.22,18,0.474,30
2020,014,13.22,18,0.4265,31
2020,014,14.52,19,0.4538,32
2020,015,16.36,20,0.4958,33
2020,017,15.36,20,0.4518,34
2020,018,14.36,20,0.4103,35
2020,019,15.56,21,0.4322,36
2021,003,1.3,1,1.3,1
2021,003,0.3,1,0.15,2
2021,004,-0.7,1,-0.2333,3
2021,004,0.55,2,0.1375,4
2021,005,1.85,3,0.37,5
2021,005,0.85,3,0.1417,6
2021,005,-0.15,3,-0.0214,7
2021,006,1.3,4,0.1625,8
2021,006,0.3,4,0.0333,9
2021,006,-0.7,4,-0.07,10
2021,006,-1.7,4,-0.1545,11
2021,006,0.14,5,0.0117,12
2021,006,1.49,6,0.1146,13
2021,007,3.29,7,0.235,14
2021,007,2.29,7,0.1527,15
2021,008,3.89,8,0.2431,16
2021,008,2.89,8,0.17,17
2021,008,4.57,9,0.2539,18
2021,009,3.57,9,0.1879,19
2021,009,2.57,9,0.1285,20
2021,010,1.57,9,0.0748,21
2021,010,0.57,9,0.0259,22
2021,010,2.17,10,0.0943,23
2021,010,3.69,11,0.1538,24
2021,010,2.69,11,0.1076,25
2021,011,4.14,12,0.1592,26
2021,011,3.14,12,0.1163,27
2021,011,4.64,13,0.1657,28
2021,012,3.64,13,0.1255,29
2021,012,4.96,14,0.1653,30
2021,012,3.96,14,0.1277,31
2021,012,5.68,15,0.1775,32
2021,012,4.68,15,0.1418,33
2021,013,6.52,16,0.1918,34
2021,013,7.82,17,0.2234,35
2021,013,6.82,17,0.1894,36
2021,014,5.82,17,0.1573,37
2021,014,7.22,18,0.19,38
2021,014,6.22,18,0.1595,39
2021,015,8.2,19,0.205,40
2021,015,7.2,19,0.1756,41
2021,017,6.2,19,0.1476,42
2021,018,7.65,20,0.1779,43
2021,018,6.65,20,0.1511,44
2021,018,8.55,21,0.19,45
2021,018,10.2,22,0.2217,46
2021,019,11.65,23,0.2479,47
2021,020,13.35,24,0.2781,48
2021,020,14.65,25,0.299,49
2022,003,-1.0,0,-1.0,1
2022,003,0.98,1,0.49,2
2022,003,-0.02,1,-0.0067,3
2022,004,-1.02,1,-0.255,4
2022,004,-2.02,1,-0.404,5
2022,004,-3.02,1,-0.5033,6
2022,004,-1.9,2,-0.2714,7
2022,004,-2.9,2,-0.3625,8
2022,004,-1.25,3,-0.1389,9
2022,005,-2.25,3,-0.225,10
2022,005,-0.27,4,-0.0245,11
2022,005,1.23,5,0.1025,12
2022,005,2.78,6,0.2138,13
2022,005,1.78,6,0.1271,14
2022,006,3.78,7,0.252,15
2022,006,5.08,8,0.3175,16
2022,006,6.83,9,0.4018,17
2022,007,8.58,10,0.4767,18
2022,007,7.58,10,0.3989,19
2022,007,9.43,11,0.4715,20
2022,008,8.43,11,0.4014,21
2022,008,9.98,12,0.4536,22
2022,008,8.98,12,0.3904,23
2022,008,7.98,12,0.3325,24
2022,009,6.98,12,0.2792,25
2022,009,8.66,13,0.3331,26
2022,009,9.91,14,0.367,27
2022,009,8.91,14,0.3182,28
2022,009,7.91,14,0.2728,29
2022,010,9.16,15,0.3053,30
2022,010,8.16,15,0.2632,31
2022,010,9.88,16,0.3088,32
2022,010,11.18,17,0.3388,33
2022,011,10.18,17,0.2994,34
2022,011,11.4,18,0.3257,35
2022,011,10.4,18,0.2889,36
2022,013,9.4,18,0.2541,37
2022,013,8.4,18,0.2211,38
2022,013,7.4,18,0.1897,39
2022,015,6.4,18,0.16,40
2022,016,7.65,19,0.1866,41
2022,016,6.65,19,0.1583,42
2022,017,5.65,19,0.1314,43
2022,017,4.65,19,0.1057,44
2022,018,5.95,20,0.1322,45
2022,020,4.95,20,0.1076,46
2023,003,-1.0,0,-1.0,1
2023,003,-2.0,0,-1.0,2
2023,003,-3.0,0,-1.0,3
2023,004,-4.0,0,-1.0,4
2023,004,-2.7,1,-0.54,5
2023,004,-3.7,1,-0.6167,6
2023,004,-4.7,1,-0.6714,7
2023,004,-3.32,2,-0.415,8
2023,004,-1.56,3,-0.1733,9
2023,005,0.34,4,0.034,10
2023,005,1.48,5,0.1345,11
2023,005,0.48,5,0.04,12
2023,006,-0.52,5,-0.04,13
2023,006,-1.52,5,-0.1086,14
2023,006,-2.52,5,-0.168,15
2023,007,-3.52,5,-0.22,16
2023,007,-2.1,6,-0.1235,17
2023,007,-0.8,7,-0.0444,18
2023,008,-1.8,7,-0.0947,19
2023,009,-2.8,7,-0.14,20
2023,009,-3.8,7,-0.181,21
2023,009,-4.8,7,-0.2182,22
2023,009,-5.8,7,-0.2522,23
2023,009,-4.5,8,-0.1875,24
2023,010,-3.36,9,-0.1344,25
2023,010,-4.36,9,-0.1677,26
2023,010,-5.36,9,-0.1985,27
2023,010,-6.36,9,-0.2271,28
2023,011,-7.36,9,-0.2538,29
2023,011,-6.06,10,-0.202,30
2023,011,-4.76,11,-0.1535,31
2023,012,-5.76,11,-0.18,32
2023,012,-6.76,11,-0.2048,33
2023,012,-5.62,12,-0.1653,34
2023,012,-6.62,12,-0.1891,35
2023,013,-7.62,12,-0.2117,36
2023,013,-8.62,12,-0.233,37
2023,013,-9.62,12,-0.2532,38
2023,014,-7.62,13,-0.1954,39
2023,014,-6.16,14,-0.154,40
2023,014,-7.16,14,-0.1746,41
2023,014,-8.16,14,-0.1943,42
2023,015,-9.16,14,-0.213,43
2023,015,-7.74,15,-0.1759,44
2023,015,-8.74,15,-0.1942,45
2023,015,-9.74,15,-0.2117,46
2023,016,-10.74,15,-0.2285,47
2023,016,-11.74,15,-0.2446,48
2023,017,-12.74,15,-0.26,49
2023,017,-13.74,15,-0.2748,50
2023,017,-14.74,15,-0.289,51
2023,017,-13.06,16,-0.2512,52
2023,018,-14.06,16,-0.2653,53
2023,018,-15.06,16,-0.2789,54
2023,018,-13.56,17,-0.2465,55
2023,018,-14.56,17,-0.26,56
2023,019,-15.56,17,-0.273,57
2023,019,-16.56,17,-0.2855,58
2024,003,-1.0,0,-1.0,1
2024,004,-2.0,0,-1.0,2
2024,004,-0.76,1,-0.2533,3
2024,004,-1.76,1,-0.44,4
2024,004,-0.24,2,-0.048,5
2024,005,-1.24,2,-0.2067,6
2024,005,-2.24,2,-0.32,7
2024,005,-3.24,2,-0.405,8
2024,005,-4.24,2,-0.4711,9
2024,006,-3.04,3,-0.304,10
2024,006,-4.04,3,-0.3673,11
2024,006,-5.04,3,-0.42,12
2024,007,-6.04,3,-0.4646,13
2024,007,-4.88,4,-0.3486,14
2024,007,-5.88,4,-0.392,15
2024,007,-4.46,5,-0.2787,16
2024,008,-2.7,6,-0.1588,17
2024,008,-1.5,7,-0.0833,18
2024,009,-2.5,7,-0.1316,19
2024,009,-3.5,7,-0.175,20
2024,009,-4.5,7,-0.2143,21
2024,011,-5.5,7,-0.25,22
2024,011,-3.78,8,-0.1643,23
2024,011,-4.78,8,-0.1992,24
2024,011,-5.78,8,-0.2312,25
2024,012,-6.78,8,-0.2608,26
2024,012,-7.78,8,-0.2881,27
2024,013,-8.78,8,-0.3136,28
2024,013,-9.78,8,-0.3372,29
2024,014,-10.78,8,-0.3593,30
2024,014,-9.28,9,-0.2994,31
2024,014,-7.82,10,-0.2444,32
2024,015,-6.62,11,-0.2006,33
2024,015,-7.62,11,-0.2241,34
2024,015,-6.28,12,-0.1794,35
2024,015,-7.28,12,-0.2022,36
2024,015,-5.92,13,-0.16,37
2024,016,-6.92,13,-0.1821,38
2024,016,-5.12,14,-0.1313,39
2024,017,-6.12,14,-0.153,40
2024,018,-7.12,14,-0.1737,41
2024,018,-8.12,14,-0.1933,42
2024,019,-6.76,15,-0.1572,43
