game_id,season,week,season_type,game_date,canonical_team,team_side,candidate_count,candidate_ranks,candidate_names,candidate_pfr_ids,candidate_raw_positions,anomaly_type
2018_08_NO_MIN,2018,8,REG,2018-10-28,NO,away,2,3683|3690,Drew Brees|Taysom Hill,BreeDr00|HillTa00,QB|QB,MULTIPLE_QB_ROWS
2018_10_NO_CIN,2018,10,REG,2018-11-11,NO,away,2,3629|3634,Drew Brees|Taysom Hill,BreeDr00|HillTa00,QB|QB,MULTIPLE_QB_ROWS
2018_11_PHI_NO,2018,11,REG,2018-11-18,NO,home,2,3600|3605,Drew Brees|Taysom Hill,BreeDr00|HillTa00,QB|QB,MULTIPLE_QB_ROWS
2018_17_CAR_NO,2018,17,REG,2018-12-30,NO,home,2,3410|3418,Teddy Bridgewater|Taysom Hill,BridTe00|HillTa00,QB|QB,MULTIPLE_QB_ROWS
2019_05_TB_NO,2019,5,REG,2019-10-06,NO,home,2,3232|3240,Teddy Bridgewater|Taysom Hill,BridTe00|HillTa00,QB|WR/QB,MIXED_POSITION_QB_ROW
2019_13_NO_ATL,2019,13,REG,2019-11-28,NO,away,2,3026|3027,Drew Brees|Taysom Hill,BreeDr00|HillTa00,QB|WR/QB,MIXED_POSITION_QB_ROW
2019_15_IND_NO,2019,15,REG,2019-12-16,NO,home,2,2933|2935,Drew Brees|Taysom Hill,BreeDr00|HillTa00,QB|WR/QB,MIXED_POSITION_QB_ROW
2019_16_NO_TEN,2019,16,REG,2019-12-22,NO,away,2,2903|2911,Drew Brees|Taysom Hill,BreeDr00|HillTa00,QB|WR/QB,MIXED_POSITION_QB_ROW
2019_17_NO_CAR,2019,17,REG,2019-12-29,NO,away,2,2870|2880,Drew Brees|Taysom Hill,BreeDr00|HillTa00,QB|WR/QB,MIXED_POSITION_QB_ROW
2019_18_MIN_NO,2019,18,WC,2020-01-05,NO,home,2,2858|2860,Drew Brees|Taysom Hill,BreeDr00|HillTa00,QB|WR/QB,MIXED_POSITION_QB_ROW
2020_01_TB_NO,2020,1,REG,2020-09-13,NO,home,2,2817|2827,Drew Brees|Taysom Hill,BreeDr00|HillTa00,QB|QB/WR,MIXED_POSITION_QB_ROW
2020_03_GB_NO,2020,3,REG,2020-09-27,NO,home,2,2750|2760,Drew Brees|Taysom Hill,BreeDr00|HillTa00,QB|QB/WR,MIXED_POSITION_QB_ROW
2020_07_CAR_NO,2020,7,REG,2020-10-25,NO,home,2,2636|2644,Drew Brees|Taysom Hill,BreeDr00|HillTa00,QB|QB/WR,MIXED_POSITION_QB_ROW
2020_10_SF_NO,2020,10,REG,2020-11-15,NO,home,2,2550|2556,Drew Brees|Taysom Hill,BreeDr00|HillTa00,QB|QB/WR,MIXED_POSITION_QB_ROW
2020_18_CHI_NO,2020,18,WC,2021-01-10,NO,home,2,2316|2317,Drew Brees|Taysom Hill,BreeDr00|HillTa00,QB|QB/WR,MIXED_POSITION_QB_ROW
2021_02_NO_CAR,2021,2,REG,2021-09-19,NO,away,2,2249|2267,Taysom Hill|Jameis Winston,HillTa00|WinsJa00,QB/WR|QB,MIXED_POSITION_QB_ROW
2021_03_NO_NE,2021,3,REG,2021-09-26,NO,away,2,2218|2234,Taysom Hill|Jameis Winston,HillTa00|WinsJa00,QB/WR|QB,MIXED_POSITION_QB_ROW
2021_04_NYG_NO,2021,4,REG,2021-10-03,NO,home,2,2183|2201,Taysom Hill|Jameis Winston,HillTa00|WinsJa00,QB/WR|QB,MIXED_POSITION_QB_ROW
2021_05_NO_WAS,2021,5,REG,2021-10-10,NO,away,2,2152|2168,Taysom Hill|Jameis Winston,HillTa00|WinsJa00,QB/WR|QB,MIXED_POSITION_QB_ROW
2022_01_NO_ATL,2022,1,REG,2022-09-11,NO,away,2,1706|1725,Taysom Hill|Jameis Winston,HillTa00|WinsJa00,TE/QB|QB,MIXED_POSITION_QB_ROW
2022_07_ATL_CIN,2022,7,REG,2022-10-23,ATL,away,2,1515|1524,Feleipe Franks|Marcus Mariota,FranFe00|MariMa01,QB|QB,MULTIPLE_QB_ROWS
2022_07_NO_ARI,2022,7,REG,2022-10-20,NO,away,2,1536|1537,Andy Dalton|Taysom Hill,DaltAn00|HillTa00,QB|TE/QB,MIXED_POSITION_QB_ROW
2022_09_BAL_NO,2022,9,REG,2022-11-07,NO,home,2,1452|1453,Andy Dalton|Taysom Hill,DaltAn00|HillTa00,QB|TE/QB,MIXED_POSITION_QB_ROW
2022_10_NO_PIT,2022,10,REG,2022-11-13,NO,away,2,1430|1435,Andy Dalton|Taysom Hill,DaltAn00|HillTa00,QB|TE/QB,MIXED_POSITION_QB_ROW
2022_11_LA_NO,2022,11,REG,2022-11-20,NO,home,2,1401|1406,Andy Dalton|Taysom Hill,DaltAn00|HillTa00,QB|TE/QB,MIXED_POSITION_QB_ROW
2022_12_NO_SF,2022,12,REG,2022-11-27,NO,away,2,1368|1373,Andy Dalton|Taysom Hill,DaltAn00|HillTa00,QB|TE/QB,MIXED_POSITION_QB_ROW
2022_13_NO_TB,2022,13,REG,2022-12-05,NO,away,2,1331|1332,Andy Dalton|Taysom Hill,DaltAn00|HillTa00,QB|TE/QB,MIXED_POSITION_QB_ROW
2022_15_ATL_NO,2022,15,REG,2022-12-18,NO,home,2,1275|1282,Andy Dalton|Taysom Hill,DaltAn00|HillTa00,QB|TE/QB,MIXED_POSITION_QB_ROW
2022_15_KC_HOU,2022,15,REG,2022-12-18,HOU,home,2,1277|1289,Jeff Driskel|Davis Mills,DrisJe00|MillDa02,QB|QB,MULTIPLE_QB_ROWS
2022_16_HOU_TEN,2022,16,REG,2022-12-24,HOU,away,2,1250|1258,Jeff Driskel|Davis Mills,DrisJe00|MillDa02,QB|QB,MULTIPLE_QB_ROWS
2022_16_JAX_NYJ,2022,16,REG,2022-12-22,NYJ,home,2,1268|1269,Chris Streveler|Zach Wilson,StreCh00|WilsZa00,QB|QB,MULTIPLE_QB_ROWS
2023_02_NO_CAR,2023,2,REG,2023-09-18,NO,away,2,1083|1084,Derek Carr|Taysom Hill,CarrDe02|HillTa00,QB|TE/QB,MIXED_POSITION_QB_ROW
2023_04_TB_NO,2023,4,REG,2023-10-01,NO,home,2,1022|1027,Derek Carr|Taysom Hill,CarrDe02|HillTa00,QB|TE/QB,MIXED_POSITION_QB_ROW
2023_07_LV_CHI,2023,7,REG,2023-10-22,LV,away,2,966|967,Aidan O'Connell|Hoyer Brian,OConAi00|HoyeBr00,QB|QB,MULTIPLE_QB_ROWS
2023_08_ATL_TEN,2023,8,REG,2023-10-29,ATL,away,2,920|921,Desmond Ridder|Taylor Heinicke,RiddDe00|HeinTa00,QB|QB,MULTIPLE_QB_ROWS
2023_08_JAX_PIT,2023,8,REG,2023-10-29,PIT,home,2,934|935,Kenny Pickett|Mitchell Trubisky,PickKe00|TrubMi00,QB|QB,MULTIPLE_QB_ROWS
2023_08_LA_DAL,2023,8,REG,2023-10-29,LAR,away,2,939|940,Matthew Stafford|Brett Rypien,StafMa00|RypiBr00,QB|QB,MULTIPLE_QB_ROWS
2023_08_MIN_GB,2023,8,REG,2023-10-29,MIN,away,2,914|915,Kirk Cousins|Jaren Hall,CousKi00|HallJa00,QB|QB,MULTIPLE_QB_ROWS
2023_08_NYJ_NYG,2023,8,REG,2023-10-29,NYG,home,2,917|918,Tyrod Taylor|Tommy DeVito,TaylTy00|DeViTo00,QB|QB,MULTIPLE_QB_ROWS
2023_09_NYG_LV,2023,9,REG,2023-11-05,NYG,away,2,882|883,Daniel Jones|Tommy DeVito,JoneDa05|DeViTo00,QB|QB,MULTIPLE_QB_ROWS
2023_10_NO_MIN,2023,10,REG,2023-11-12,NO,away,2,847|848,Derek Carr|Jameis Winston,CarrDe02|WinsJa00,QB|QB,MULTIPLE_QB_ROWS
2023_11_CIN_BAL,2023,11,REG,2023-11-16,CIN,away,2,814|815,Joe Burrow|Jake Browning,BurrJo01|BrowJa08,QB|QB,MULTIPLE_QB_ROWS
2023_11_PIT_CLE,2023,11,REG,2023-11-19,CLE,home,2,839|840,Deshaun Watson|Dorian Thompson-Robinson,WatsDe00|ThomDo02,QB|QB,MULTIPLE_QB_ROWS
2023_12_MIA_NYJ,2023,12,REG,2023-11-24,NYJ,home,2,807|808,Tim Boyle|Zach Wilson,BoylTi00|WilsZa00,QB|QB,MULTIPLE_QB_ROWS
2023_14_JAX_CLE,2023,14,REG,2023-12-10,CLE,home,2,729|751,Joe Flacco|Deshaun Watson,FlacJo00|WatsDe00,QB|QB,MULTIPLE_QB_ROWS
2023_15_CHI_CLE,2023,15,REG,2023-12-17,CLE,home,2,694|719,Joe Flacco|Deshaun Watson,FlacJo00|WatsDe00,QB|QB,MULTIPLE_QB_ROWS
2023_15_NYJ_MIA,2023,15,REG,2023-12-17,NYJ,away,3,711|712|720,Aaron Rodgers|Trevor Siemian|Zach Wilson,RodgAa00|SiemTr00|WilsZa00,QB|QB|QB,MULTIPLE_QB_ROWS
2023_16_SEA_TEN,2023,16,REG,2023-12-24,TEN,home,2,666|682,Will Levis|Ryan Tannehill,LeviWi00|TannRy00,QB|QB,MULTIPLE_QB_ROWS
2023_17_ATL_CHI,2023,17,REG,2023-12-31,ATL,away,2,636|648,Taylor Heinicke|Desmond Ridder,HeinTa00|RiddDe00,QB|QB,MULTIPLE_QB_ROWS
2024_04_PIT_IND,2024,4,REG,2024-09-29,IND,home,2,456|471,Joe Flacco|Anthony Richardson,FlacJo00|RichAn03,QB|QB,MULTIPLE_QB_ROWS
