game_id,season,week,season_type,game_date,away_team,home_team,team_side,canonical_team,possible_unmatched_rank,possible_link_reason,possible_link_confidence
2020_12_NO_DEN,2020,12,REG,2020-11-29,NO,DEN,home,DEN,,,NO_OBVIOUS_RAW_ROW
2023_06_ARI_LA,2023,6,REG,2023-10-15,ARI,LAR,away,ARI,,,NO_OBVIOUS_RAW_ROW
2023_06_DAL_LAC,2023,6,REG,2023-10-16,DAL,LAC,away,DAL,,,NO_OBVIOUS_RAW_ROW
2023_06_DAL_LAC,2023,6,REG,2023-10-16,DAL,LAC,home,LAC,,,NO_OBVIOUS_RAW_ROW
2023_06_DET_TB,2023,6,REG,2023-10-15,DET,TB,away,DET,,,NO_OBVIOUS_RAW_ROW
2023_06_MIN_CHI,2023,6,REG,2023-10-15,MIN,CHI,away,MIN,,,NO_OBVIOUS_RAW_ROW
2023_06_MIN_CHI,2023,6,REG,2023-10-15,MIN,CHI,home,CHI,,,NO_OBVIOUS_RAW_ROW
2023_06_NE_LV,2023,6,REG,2023-10-15,NE,LV,home,LV,,,NO_OBVIOUS_RAW_ROW
2023_06_NO_HOU,2023,6,REG,2023-10-15,NO,HOU,away,NO,,,NO_OBVIOUS_RAW_ROW
2023_06_NYG_BUF,2023,6,REG,2023-10-15,NYG,BUF,home,BUF,,,NO_OBVIOUS_RAW_ROW
2023_06_SEA_CIN,2023,6,REG,2023-10-15,SEA,CIN,home,CIN,,,NO_OBVIOUS_RAW_ROW
2023_06_WAS_ATL,2023,6,REG,2023-10-15,WAS,ATL,away,WAS,,,NO_OBVIOUS_RAW_ROW
2023_07_CLE_IND,2023,7,REG,2023-10-22,CLE,IND,away,CLE,,,NO_OBVIOUS_RAW_ROW
2023_07_GB_DEN,2023,7,REG,2023-10-22,GB,DEN,home,DEN,,,NO_OBVIOUS_RAW_ROW
2023_07_MIA_PHI,2023,7,REG,2023-10-22,MIA,PHI,away,MIA,,,NO_OBVIOUS_RAW_ROW
2023_07_PIT_LA,2023,7,REG,2023-10-22,PIT,LAR,away,PIT,,,NO_OBVIOUS_RAW_ROW
2023_09_BUF_CIN,2023,9,REG,2023-11-05,BUF,CIN,away,BUF,,,NO_OBVIOUS_RAW_ROW
2023_10_CAR_CHI,2023,10,REG,2023-11-09,CAR,CHI,away,CAR,,,NO_OBVIOUS_RAW_ROW
2023_10_CAR_CHI,2023,10,REG,2023-11-09,CAR,CHI,home,CHI,,,NO_OBVIOUS_RAW_ROW
2023_10_DEN_BUF,2023,10,REG,2023-11-13,DEN,BUF,away,DEN,,,NO_OBVIOUS_RAW_ROW
2023_12_CLE_DEN,2023,12,REG,2023-11-26,CLE,DEN,away,CLE,,,NO_OBVIOUS_RAW_ROW
2023_12_CLE_DEN,2023,12,REG,2023-11-26,CLE,DEN,home,DEN,,,NO_OBVIOUS_RAW_ROW
2023_12_GB_DET,2023,12,REG,2023-11-23,GB,DET,away,GB,,,NO_OBVIOUS_RAW_ROW
2023_12_GB_DET,2023,12,REG,2023-11-23,GB,DET,home,DET,,,NO_OBVIOUS_RAW_ROW
2023_12_WAS_DAL,2023,12,REG,2023-11-23,WAS,DAL,away,WAS,,,NO_OBVIOUS_RAW_ROW
2023_12_WAS_DAL,2023,12,REG,2023-11-23,WAS,DAL,home,DAL,,,NO_OBVIOUS_RAW_ROW
2023_13_CAR_TB,2023,13,REG,2023-12-03,CAR,TB,away,CAR,,,NO_OBVIOUS_RAW_ROW
2023_13_DEN_HOU,2023,13,REG,2023-12-03,DEN,HOU,away,DEN,,,NO_OBVIOUS_RAW_ROW
2023_13_LAC_NE,2023,13,REG,2023-12-03,LAC,NE,home,NE,,,NO_OBVIOUS_RAW_ROW
2023_13_SEA_DAL,2023,13,REG,2023-11-30,SEA,DAL,home,DAL,,,NO_OBVIOUS_RAW_ROW
2023_14_DEN_LAC,2023,14,REG,2023-12-10,DEN,LAC,away,DEN,,,NO_OBVIOUS_RAW_ROW
2023_15_DEN_DET,2023,15,REG,2023-12-16,DEN,DET,away,DEN,,,NO_OBVIOUS_RAW_ROW
2023_15_MIN_CIN,2023,15,REG,2023-12-16,MIN,CIN,away,MIN,,,NO_OBVIOUS_RAW_ROW
2023_16_ARI_CHI,2023,16,REG,2023-12-24,ARI,CHI,home,CHI,,,NO_OBVIOUS_RAW_ROW
2023_16_CIN_PIT,2023,16,REG,2023-12-23,CIN,PIT,away,CIN,,,NO_OBVIOUS_RAW_ROW
2023_16_DET_MIN,2023,16,REG,2023-12-24,DET,MIN,away,DET,,,NO_OBVIOUS_RAW_ROW
2023_16_NE_DEN,2023,16,REG,2023-12-24,NE,DEN,home,DEN,,,NO_OBVIOUS_RAW_ROW
2023_16_NO_LA,2023,16,REG,2023-12-21,NO,LAR,away,NO,,,NO_OBVIOUS_RAW_ROW
2023_16_NYG_PHI,2023,16,REG,2023-12-25,NYG,PHI,away,NYG,,,NO_OBVIOUS_RAW_ROW
2023_17_DET_DAL,2023,17,REG,2023-12-30,DET,DAL,away,DET,,,NO_OBVIOUS_RAW_ROW
2023_17_DET_DAL,2023,17,REG,2023-12-30,DET,DAL,home,DAL,,,NO_OBVIOUS_RAW_ROW
2023_17_LAC_DEN,2023,17,REG,2023-12-31,LAC,DEN,away,LAC,,,NO_OBVIOUS_RAW_ROW
2023_17_LAC_DEN,2023,17,REG,2023-12-31,LAC,DEN,home,DEN,,,NO_OBVIOUS_RAW_ROW
2023_17_LA_NYG,2023,17,REG,2023-12-31,LAR,NYG,away,LAR,,,NO_OBVIOUS_RAW_ROW
2023_17_TEN_HOU,2023,17,REG,2023-12-31,TEN,HOU,home,HOU,,,NO_OBVIOUS_RAW_ROW
2023_18_BUF_MIA,2023,18,REG,2024-01-07,BUF,MIA,away,BUF,,,NO_OBVIOUS_RAW_ROW
2023_18_CLE_CIN,2023,18,REG,2024-01-07,CLE,CIN,home,CIN,,,NO_OBVIOUS_RAW_ROW
2023_18_LA_SF,2023,18,REG,2024-01-07,LAR,SF,home,SF,,,NO_OBVIOUS_RAW_ROW
2024_04_MIN_GB,2024,4,REG,2024-09-29,MIN,GB,away,MIN,454,same date/team/opponent; unmatched location or source identity issue,EXACT_IDENTITY_EXCEPT_LOCATION
